Pos,ID,Name,BV,SV,Team,22_xMins,22_Pts,23_xMins,23_Pts,24_xMins,24_Pts,25_xMins,25_Pts,26_xMins,26_Pts,27_xMins,27_Pts,28_xMins,28_Pts,29_xMins,29_Pts,30_xMins,30_Pts,31_xMins,31_Pts,Elite%
G,1,Raya,5.9,5.9,Arsenal,93,3.99,92,3.96,92,3.98,90,4.31,89,4.36,88,3.73,86,3.65,88,3.57,87,4.03,86,1.21,0.69
G,2,Arrizabalaga,4.1,4.1,Arsenal,2,0.07,3,0.14,3,0.15,4,0.21,6,0.30,7,0.29,8,0.35,7,0.30,8,0.39,9,0.13,0.00
G,3,Hein,4.0,4.0,Arsenal,0,0.00,0,0.00,0,0.00,0,0.00,0,0.00,0,0.00,0,0.00,0,0.00,0,0.00,0,0.00,0.00
G,4,Setford,3.9,3.9,Arsenal,0,0.00,0,0.00,0,0.00,0,0.00,0,0.00,0,0.00,0,0.00,0,0.00,0,0.00,0,0.00,0.00
D,5,Gabriel,6.7,6.5,Arsenal,92,5.02,88,4.71,86,4.66,83,5.25,82,5.10,81,4.37,80,4.22,80,4.05,79,4.79,77,1.42,0.62
D,6,Saliba,5.9,5.9,Arsenal,91,4.29,87,4.07,84,4.04,81,4.49,79,4.38,79,3.78,78,3.58,79,3.46,78,4.23,76,1.23,0.01
D,7,Calafiori,5.6,5.6,Arsenal,45,2.51,74,4.16,71,3.87,71,4.75,69,4.34,68,3.70,66,3.53,65,3.37,65,4.17,64,1.22,0.00
D,8,J.Timber,6.3,6.3,Arsenal,87,4.53,83,4.51,81,4.35,80,5.16,78,4.77,80,4.14,79,4.15,78,3.83,78,4.82,77,1.44,0.37
D,9,Kiwior,5.4,5.4,Arsenal,0,0.00,0,0.00,0,0.00,0,0.00,0,0.00,0,0.00,0,0.00,0,0.00,0,0.00,0,0.00,0.00
D,10,Lewis-Skelly,5.1,5.1,Arsenal,29,1.38,6,0.36,5,0.32,6,0.38,6,0.41,6,0.36,7,0.39,7,0.35,7,0.41,8,0.13,0.00
D,11,White,5.1,5.1,Arsenal,21,1.01,19,0.94,19,0.93,17,0.96,18,1.06,18,0.88,18,0.90,19,0.93,19,1.04,20,0.34,0.00
D,12,Zinchenko,4.9,4.9,Nott'm Forest,0,0.00,11,0.41,14,0.59,16,0.59,16,0.79,18,0.63,15,0.53,17,0.47,16,0.69,19,0.70,0.00
D,13,Clarke,3.8,3.8,Arsenal,0,0.00,0,0.00,0,0.00,0,0.00,0,0.00,0,0.00,0,0.00,0,0.00,0,0.00,0,0.00,0.00
D,14,Kacurri,3.9,3.9,Arsenal,0,0.00,0,0.00,0,0.00,0,0.00,0,0.00,0,0.00,0,0.00,0,0.00,0,0.00,0,0.00,0.00
D,15,Nichols,3.8,3.8,Arsenal,0,0.00,0,0.00,0,0.00,0,0.00,0,0.00,0,0.00,0,0.00,0,0.00,0,0.00,0,0.00,0.00
M,16,Saka,10.2,10.1,Arsenal,82,5.26,79,5.84,77,4.99,75,6.04,76,5.77,75,4.80,73,5.14,73,4.80,72,5.55,72,1.67,0.74
M,17,Ødegaard,7.8,7.8,Arsenal,79,4.04,77,4.37,76,3.93,73,4.51,72,4.40,73,3.77,71,3.97,72,3.79,71,4.24,69,1.27,0.00
M,18,Madueke,6.8,6.8,Arsenal,21,1.34,23,1.52,24,1.52,24,1.72,25,1.77,24,1.46,26,1.66,24,1.47,23,1.58,24,0.52,0.00
M,19,Martinelli,6.8,6.8,Arsenal,18,1.20,21,1.52,21,1.35,22,1.66,23,1.76,22,1.45,22,1.52,24,1.52,22,1.63,23,0.51,0.00
M,20,Trossard,6.9,6.9,Arsenal,66,3.70,61,3.93,57,3.25,55,3.80,51,3.40,49,2.84,48,2.91,47,2.78,48,3.25,47,0.99,0.00
M,21,Rice,7.3,7.3,Arsenal,87,4.53,83,4.68,82,4.30,81,4.82,80,4.93,80,4.10,79,4.21,78,4.04,77,4.46,76,1.37,0.07
M,22,Merino,5.6,5.6,Arsenal,24,1.36,27,1.65,27,1.51,29,1.93,31,2.04,29,1.62,30,1.75,30,1.70,31,1.90,32,0.63,0.00
M,23,Fábio Vieira,5.4,5.4,Arsenal,0,0.00,0,0.00,0,0.00,0,0.00,0,0.00,0,0.00,0,0.00,0,0.00,0,0.00,0,0.00,0.00
M,24,Nørgaard,5.1,5.1,Arsenal,6,0.26,8,0.34,8,0.37,9,0.42,8,0.41,9,0.38,10,0.47,10,0.43,10,0.47,10,0.14,0.00
M,25,Nwaneri,5.0,5.0,Arsenal,4,0.32,6,0.48,7,0.47,8,0.59,9,0.64,9,0.58,9,0.60,9,0.58,10,0.67,10,0.20,0.00
M,26,Zubimendi,5.2,5.2,Arsenal,83,3.33,80,3.41,79,3.22,76,3.35,77,3.63,74,3.04,73,3.03,73,2.94,72,3.13,74,0.99,0.00
M,27,Nelson,4.8,4.8,Brentford,8,0.47,11,0.66,12,0.63,14,0.74,0,0.00,16,0.96,17,1.04,19,1.08,17,1.11,18,1.02,0.00
M,28,Kabia,4.5,4.5,Arsenal,0,0.00,0,0.00,0,0.00,0,0.00,0,0.00,0,0.00,0,0.00,0,0.00,0,0.00,0,0.00,0.00
M,29,Sambi,4.5,4.5,Arsenal,0,0.00,0,0.00,0,0.00,0,0.00,0,0.00,0,0.00,0,0.00,0,0.00,0,0.00,0,0.00,0.00
F,30,Havertz,7.3,7.3,Arsenal,18,1.21,21,1.44,27,1.64,26,1.86,29,2.08,30,1.78,36,2.21,37,2.14,39,2.44,40,0.79,0.00
F,31,G.Jesus,6.4,6.4,Arsenal,18,1.15,18,1.33,20,1.25,21,1.59,21,1.51,22,1.42,21,1.43,20,1.29,22,1.51,21,0.46,0.00
G,32,Martinez,5.0,5.0,Aston Villa,71,3.02,93,3.07,91,3.60,91,3.21,90,3.37,90,3.62,91,3.65,90,3.15,89,3.05,90,3.65,0.00
G,33,M.Bizot,4.2,4.2,Aston Villa,23,0.96,2,0.07,4,0.14,4,0.14,5,0.19,5,0.21,4,0.17,5,0.19,6,0.20,5,0.22,0.00
G,34,Gauci,4.0,4.0,Aston Villa,0,0.00,0,0.00,0,0.00,0,0.00,0,0.00,0,0.00,0,0.00,0,0.00,0,0.00,0,0.00,0.00
G,35,Marschall,4.0,4.0,Aston Villa,0,0.00,0,0.00,0,0.00,0,0.00,0,0.00,0,0.00,0,0.00,0,0.00,0,0.00,0,0.00,0.00
D,36,Cash,4.8,4.8,Aston Villa,88,4.60,85,2.97,83,3.86,81,3.14,80,3.59,79,3.89,77,3.78,78,3.10,76,2.74,77,4.13,0.01
D,37,Digne,4.5,4.5,Aston Villa,33,1.71,34,1.28,32,1.59,33,1.42,32,1.52,35,1.85,34,1.80,34,1.53,37,1.45,36,2.06,0.00
D,38,Konsa,4.4,4.4,Aston Villa,91,4.11,90,2.74,88,3.54,86,2.91,86,3.21,85,3.59,85,3.62,84,2.84,84,2.56,84,3.73,0.00
D,39,Maatsen,4.2,4.2,Aston Villa,64,3.55,61,2.33,62,3.21,61,2.68,62,3.08,58,3.16,58,3.16,58,2.58,56,2.26,57,3.31,0.00
D,40,Mings,4.3,4.3,Aston Villa,14,0.63,12,0.41,15,0.63,16,0.58,16,0.68,17,0.74,18,0.79,17,0.64,17,0.62,19,0.89,0.00
D,41,Pau,4.3,4.3,Aston Villa,61,2.66,78,2.42,76,3.06,77,2.63,74,2.78,74,3.11,73,3.13,73,2.54,71,2.21,71,3.11,0.00
D,42,A.García,3.9,3.9,Aston Villa,0,0.00,2,0.09,2,0.10,1,0.07,2,0.09,2,0.10,2,0.10,1,0.07,2,0.11,2,0.14,0.00
D,43,Alex Moreno,4.0,4.0,Aston Villa,0,0.00,0,0.00,0,0.00,0,0.00,0,0.00,0,0.00,0,0.00,0,0.00,0,0.00,0,0.00,0.00
D,44,Bogarde,4.0,4.0,Aston Villa,60,2.74,54,1.66,38,1.53,22,0.79,18,0.71,15,0.61,18,0.72,17,0.62,19,0.62,17,0.74,0.00
D,45,Sousa,3.9,3.9,Aston Villa,0,0.00,0,0.00,0,0.00,0,0.00,0,0.00,0,0.00,0,0.00,0,0.00,0,0.00,0,0.00,0.00
D,46,Yasin,4.0,4.0,Aston Villa,0,0.00,0,0.00,0,0.00,0,0.00,0,0.00,0,0.00,0,0.00,0,0.00,0,0.00,0,0.00,0.00
M,47,Rogers,7.6,7.6,Aston Villa,88,4.37,85,3.55,84,4.22,82,3.84,81,4.10,81,4.14,78,4.08,79,3.80,79,3.49,78,4.64,0.05
M,48,Tielemans,5.9,5.9,Aston Villa,89,4.23,86,3.54,83,4.02,80,3.63,79,3.82,75,3.77,74,3.75,77,3.60,76,3.32,76,4.17,0.01
M,49,Bailey,5.5,5.5,Aston Villa,0,0.00,0,0.00,0,0.00,0,0.00,0,0.00,0,0.00,0,0.00,0,0.00,0,0.00,0,0.00,0.00
M,50,Buendía,5.3,5.3,Aston Villa,62,3.37,60,2.67,56,3.11,47,2.50,46,2.60,41,2.36,42,2.37,41,2.20,49,2.38,42,2.72,0.00
M,51,Iling Jr,5.5,5.5,Aston Villa,0,0.00,0,0.00,0,0.00,0,0.00,0,0.00,0,0.00,0,0.00,0,0.00,0,0.00,0,0.00,0.00
M,52,J.Ramsey,5.3,5.3,Newcastle,33,1.63,33,1.52,34,1.42,35,1.67,35,1.58,35,1.43,35,1.72,37,1.76,34,1.46,33,1.62,0.00
M,53,Malen,5.1,5.1,Aston Villa,33,2.21,36,1.99,35,2.35,32,2.03,32,2.22,30,2.09,33,2.30,31,2.04,35,2.06,31,2.50,0.00
M,54,McGinn,5.4,5.4,Aston Villa,78,3.66,75,3.01,74,3.49,71,3.21,70,3.48,68,3.42,70,3.50,69,3.15,69,2.94,69,3.77,0.00
M,55,Barkley,4.8,4.8,Aston Villa,0,0.00,0,0.00,1,0.06,8,0.44,12,0.70,15,0.90,17,0.99,17,0.93,20,1.08,16,1.08,0.00
M,56,Barrenechea,5.0,5.0,Aston Villa,0,0.00,0,0.00,0,0.00,0,0.00,0,0.00,0,0.00,0,0.00,0,0.00,0,0.00,0,0.00,0.00
M,57,Dobbin,5.0,5.0,Aston Villa,0,0.00,0,0.00,0,0.00,0,0.00,0,0.00,0,0.00,0,0.00,0,0.00,0,0.00,0,0.00,0.00
M,58,Kamara,4.9,4.9,Aston Villa,0,0.00,0,0.00,2,0.09,33,1.20,53,1.96,76,2.82,76,2.84,75,2.58,77,2.61,74,2.86,0.00
M,59,Onana,4.8,4.8,Aston Villa,0,0.00,13,0.50,44,1.82,62,2.38,56,2.28,50,2.12,49,2.05,49,1.92,50,1.90,51,2.21,0.00
M,60,Broggio,4.4,4.4,Aston Villa,0,0.00,0,0.00,0,0.00,0,0.00,0,0.00,0,0.00,0,0.00,0,0.00,0,0.00,0,0.00,0.00
M,61,Dendoncker,4.5,4.5,Aston Villa,0,0.00,0,0.00,0,0.00,0,0.00,0,0.00,0,0.00,0,0.00,0,0.00,0,0.00,0,0.00,0.00
M,62,Jimoh-Aloba,4.5,4.5,Aston Villa,2,0.15,2,0.16,2,0.16,0,0.00,0,0.00,0,0.00,0,0.00,0,0.00,0,0.00,0,0.00,0.00
M,63,Young,4.3,4.3,Aston Villa,0,0.00,0,0.00,0,0.00,0,0.00,0,0.00,0,0.00,0,0.00,0,0.00,0,0.00,0,0.00,0.00
F,64,Watkins,8.8,8.8,Aston Villa,81,5.16,77,4.05,75,4.66,74,4.42,73,4.77,73,4.73,71,4.65,71,4.30,73,4.03,70,5.22,0.00
F,65,Redmond,4.5,4.5,Aston Villa,0,0.00,0,0.00,0,0.00,0,0.00,0,0.00,0,0.00,0,0.00,0,0.00,0,0.00,0,0.00,0.00
G,66,Neto,4.5,4.5,Bournemouth,0,0.00,0,0.00,0,0.00,0,0.00,0,0.00,0,0.00,0,0.00,0,0.00,0,0.00,0,0.00,0.00
G,67,Petrović,4.5,4.5,Bournemouth,94,3.02,93,2.98,92,3.47,90,3.07,91,3.27,91,3.20,90,3.58,90,3.26,90,3.48,90,3.06,0.06
G,68,Dennis,4.0,4.0,Bournemouth,0,0.00,0,0.00,0,0.00,0,0.00,0,0.00,0,0.00,0,0.00,0,0.00,0,0.00,0,0.00,0.00
G,69,McKenna,3.9,3.9,Bournemouth,0,0.00,0,0.00,0,0.00,0,0.00,0,0.00,0,0.00,0,0.00,0,0.00,0,0.00,0,0.00,0.00
G,70,Paulsen,4.0,4.0,Bournemouth,0,0.00,0,0.00,0,0.00,0,0.00,0,0.00,0,0.00,0,0.00,0,0.00,0,0.00,0,0.00,0.00
D,71,Zabarnyi,5.0,5.0,Bournemouth,0,0.00,0,0.00,0,0.00,0,0.00,0,0.00,0,0.00,0,0.00,0,0.00,0,0.00,0,0.00,0.00
D,72,Senesi,4.8,4.8,Bournemouth,88,3.32,86,3.31,85,4.16,83,3.46,82,3.80,79,3.67,79,4.20,79,3.64,76,4.05,76,3.21,0.08
D,73,Smith,4.4,4.4,Bournemouth,28,0.92,29,0.96,28,1.13,28,0.97,30,1.09,31,1.14,31,1.33,31,1.17,30,1.28,29,1.01,0.00
D,74,Truffert,4.5,4.5,Bournemouth,86,2.57,84,2.62,83,3.43,81,2.84,79,2.94,79,3.06,80,3.76,79,3.17,79,3.64,79,2.75,0.01
D,75,Akinmboni,3.8,3.8,Bournemouth,0,0.00,0,0.00,0,0.00,0,0.00,0,0.00,0,0.00,0,0.00,0,0.00,0,0.00,0,0.00,0.00
D,76,Bevan,3.8,3.8,Bournemouth,0,0.00,0,0.00,0,0.00,0,0.00,0,0.00,0,0.00,0,0.00,0,0.00,1,0.05,1,0.04,0.00
D,77,Hill,3.9,3.9,Bournemouth,48,1.65,48,1.69,45,2.01,46,1.74,46,1.95,47,1.98,45,2.14,47,1.97,48,2.25,46,1.76,0.00
D,78,J.Araujo,3.8,3.8,Bournemouth,0,0.00,0,0.00,0,0.00,0,0.00,0,0.00,0,0.00,0,0.00,0,0.00,0,0.00,0,0.00,0.00
D,79,Mepham,4.0,4.0,Bournemouth,0,0.00,0,0.00,0,0.00,0,0.00,0,0.00,0,0.00,0,0.00,0,0.00,0,0.00,0,0.00,0.00
D,80,Soler,4.0,4.0,Bournemouth,5,0.18,6,0.21,7,0.26,7,0.26,9,0.34,8,0.33,9,0.36,8,0.31,8,0.35,8,0.30,0.00
M,81,Kluivert,7.0,7.0,Bournemouth,0,0.00,0,0.00,0,0.00,0,0.00,0,0.00,0,0.00,0,0.00,0,0.00,0,0.00,0,0.00,0.00
M,82,Semenyo,7.6,7.5,Man City,54,2.96,69,5.05,70,3.83,67,3.35,67,4.18,66,3.90,65,3.67,61,3.87,62,3.91,62,0.20,0.04
M,83,O.Dango,5.8,5.8,Brentford,79,3.69,75,4.24,75,3.52,75,3.50,75,3.17,74,4.24,72,4.17,72,3.74,73,4.74,72,3.62,0.00
M,84,Tavernier,5.5,5.5,Bournemouth,89,4.37,85,4.25,84,4.74,83,4.37,80,4.02,78,4.37,76,4.75,78,4.52,75,4.49,75,4.23,0.16
M,85,Adams,5.0,5.0,Bournemouth,0,0.00,0,0.00,0,0.00,0,0.00,0,0.00,30,1.15,57,2.31,68,2.63,69,2.76,67,2.55,0.00
M,86,Brooks,5.0,5.0,Bournemouth,76,3.43,73,3.30,70,3.61,67,3.24,69,3.21,70,3.58,64,3.58,64,3.27,62,3.39,62,3.16,0.00
M,87,Christie,4.9,4.9,Bournemouth,20,0.90,36,1.62,45,2.21,44,2.02,43,1.99,38,1.92,34,1.76,32,1.60,32,1.60,32,1.57,0.00
M,88,Cook,4.9,4.9,Bournemouth,87,3.27,82,3.02,79,3.27,77,2.97,74,2.98,57,2.32,43,1.83,37,1.50,35,1.49,36,1.45,0.00
M,89,Philip,4.9,4.9,Bournemouth,0,0.00,0,0.00,0,0.00,0,0.00,0,0.00,0,0.00,0,0.00,0,0.00,0,0.00,0,0.00,0.00
M,90,Scott,5.0,5.0,Bournemouth,81,3.10,75,2.84,73,3.12,71,2.78,71,2.83,70,2.98,65,3.00,62,2.66,61,2.73,62,2.63,0.00
M,91,Sinisterra,5.0,5.0,Bournemouth,0,0.00,0,0.00,0,0.00,0,0.00,0,0.00,0,0.00,0,0.00,0,0.00,0,0.00,0,0.00,0.00
M,92,Faivre,4.5,4.5,Bournemouth,0,0.00,0,0.00,0,0.00,0,0.00,0,0.00,0,0.00,0,0.00,0,0.00,0,0.00,0,0.00,0.00
M,93,H.Traorè,4.5,4.5,Bournemouth,0,0.00,0,0.00,0,0.00,0,0.00,0,0.00,0,0.00,0,0.00,0,0.00,0,0.00,0,0.00,0.00
M,94,Sadi,4.5,4.5,Bournemouth,0,0.00,0,0.00,0,0.00,0,0.00,0,0.00,0,0.00,0,0.00,0,0.00,0,0.00,0,0.00,0.00
M,95,Silcott-Duberry,4.4,4.4,Bournemouth,0,0.00,0,0.00,0,0.00,0,0.00,0,0.00,0,0.00,0,0.00,0,0.00,0,0.00,0,0.00,0.00
M,96,Winterburn,4.5,4.5,Bournemouth,0,0.00,0,0.00,0,0.00,0,0.00,0,0.00,0,0.00,0,0.00,0,0.00,0,0.00,0,0.00,0.00
F,97,Evanilson,7.0,7.0,Bournemouth,83,3.98,81,4.06,76,4.23,74,3.85,70,3.44,70,3.94,70,4.22,69,3.92,67,4.01,68,3.81,0.00
F,98,Enes Ünal,5.4,5.4,Bournemouth,0,0.00,0,0.00,16,0.89,35,1.71,39,1.89,39,2.09,35,2.02,35,1.88,34,1.90,35,1.94,0.00
F,99,Adu-Adjei,4.4,4.4,Bournemouth,0,0.00,0,0.00,0,0.00,0,0.00,0,0.00,0,0.00,0,0.00,0,0.00,0,0.00,0,0.00,0.00
F,100,Kroupi.Jr,4.6,4.5,Bournemouth,70,3.33,68,3.25,63,3.39,62,3.15,61,2.89,58,3.20,59,3.32,56,3.06,57,3.16,56,3.04,0.05
G,101,Kelleher,4.5,4.5,Brentford,94,3.07,93,3.61,92,3.09,92,3.01,92,2.97,92,3.41,92,3.77,92,3.25,90,3.83,90,3.35,0.09
G,102,Balcombe,3.9,3.9,Brentford,0,0.00,0,0.00,0,0.00,0,0.00,0,0.00,0,0.00,0,0.00,0,0.00,0,0.00,0,0.00,0.00
G,103,Cox,3.9,3.9,Brentford,0,0.00,0,0.00,0,0.00,0,0.00,0,0.00,0,0.00,0,0.00,0,0.00,0,0.00,1,0.04,0.00
G,104,Eyestone,3.9,3.9,Brentford,0,0.00,0,0.00,0,0.00,0,0.00,0,0.00,0,0.00,0,0.00,0,0.00,0,0.00,0,0.00,0.00
G,105,Valdimarsson,3.9,3.9,Brentford,0,0.00,2,0.08,3,0.10,2,0.07,3,0.09,2,0.07,3,0.11,3,0.09,4,0.18,4,0.14,0.00
D,106,Collins,5.0,5.0,Brentford,91,3.24,89,4.38,85,3.23,84,3.15,84,3.07,82,3.71,81,4.44,81,3.44,79,4.41,81,3.67,0.13
D,107,Lewis-Potter,4.9,4.9,Brentford,28,1.16,31,1.70,34,1.40,33,1.31,38,1.44,36,1.83,37,2.14,38,1.70,38,2.39,37,1.78,0.00
D,108,Ajer,4.4,4.4,Brentford,77,2.48,72,3.26,71,2.44,69,2.30,68,2.25,67,2.75,65,3.20,65,2.48,65,3.33,63,2.54,0.00
D,109,Henry,4.3,4.3,Brentford,62,1.72,61,2.43,58,1.71,58,1.65,59,1.63,57,2.12,56,2.45,58,1.86,57,2.66,54,1.90,0.00
D,110,Kayode,4.5,4.5,Brentford,89,2.42,85,3.44,83,2.42,81,2.27,80,2.23,79,2.88,78,3.53,78,2.53,77,3.70,79,2.79,0.00
D,111,Pinnock,4.2,4.2,Brentford,4,0.12,4,0.17,7,0.23,8,0.27,8,0.28,10,0.40,12,0.58,10,0.38,12,0.59,12,0.47,0.00
D,112,Roerslev,4.5,4.5,Brentford,0,0.00,0,0.00,0,0.00,0,0.00,0,0.00,0,0.00,0,0.00,0,0.00,0,0.00,0,0.00,0.00
D,113,Van den Berg,4.5,4.5,Brentford,26,0.85,35,1.58,38,1.34,41,1.34,43,1.38,44,1.81,46,2.28,46,1.73,47,2.35,48,1.92,0.09
D,114,Arthur,3.9,3.9,Brentford,0,0.00,0,0.00,0,0.00,0,0.00,0,0.00,0,0.00,0,0.00,0,0.00,0,0.00,0,0.00,0.00
D,115,Fredrick,4.0,4.0,Brentford,0,0.00,0,0.00,0,0.00,0,0.00,0,0.00,0,0.00,0,0.00,0,0.00,0,0.00,0,0.00,0.00
D,116,Hickey,4.0,4.0,Brentford,31,0.97,33,1.38,34,1.11,36,1.16,34,1.06,35,1.36,34,1.55,34,1.18,36,1.71,37,1.40,0.00
D,117,Ji-soo,3.9,3.9,Brentford,0,0.00,0,0.00,0,0.00,0,0.00,0,0.00,0,0.00,0,0.00,0,0.00,0,0.00,0,0.00,0.00
D,118,Meghoma,4.0,4.0,Brentford,0,0.00,0,0.00,0,0.00,0,0.00,0,0.00,0,0.00,0,0.00,0,0.00,0,0.00,0,0.00,0.00
M,119,Mbeumo,8.1,8.1,Man Utd,90,4.31,87,3.18,82,4.79,82,4.78,81,4.75,80,4.16,81,4.78,82,3.89,81,4.42,81,4.31,0.00
M,120,Schade,7.1,7.1,Brentford,83,3.82,82,4.66,81,3.72,80,3.73,78,3.20,77,4.50,77,4.51,77,3.99,76,5.18,75,3.74,0.09
M,121,Damsgaard,5.8,5.8,Brentford,41,1.97,41,2.27,43,2.06,41,2.00,47,2.07,45,2.51,45,2.60,44,2.30,46,2.82,46,2.35,0.00
M,122,Milambo,5.2,5.2,Brentford,0,0.00,0,0.00,0,0.00,0,0.00,0,0.00,0,0.00,0,0.00,0,0.00,0,0.00,0,0.00,0.00
M,123,Carvalho,4.7,4.7,Brentford,0,0.00,0,0.00,0,0.00,0,0.00,0,0.00,0,0.00,0,0.00,0,0.00,0,0.00,0,0.00,0.00
M,124,Henderson,5.0,5.0,Brentford,22,0.83,33,1.36,33,1.21,36,1.32,37,1.31,36,1.44,36,1.53,38,1.48,36,1.58,37,1.43,0.00
M,125,Janelt,4.9,4.9,Brentford,75,2.65,66,2.62,67,2.39,65,2.35,64,2.21,64,2.53,65,2.71,63,2.41,64,2.75,62,2.39,0.00
M,126,Jensen,4.9,4.9,Brentford,63,2.46,63,2.80,61,2.35,62,2.40,59,2.15,58,2.57,57,2.67,57,2.40,58,2.88,56,2.30,0.00
M,127,Nunes,4.9,4.9,Brentford,0,0.00,0,0.00,2,0.14,2,0.15,5,0.32,3,0.24,3,0.26,3,0.23,4,0.30,4,0.27,0.00
M,128,Onyeka,4.8,4.8,Brentford,0,0.00,5,0.24,6,0.28,7,0.31,9,0.38,10,0.43,8,0.38,10,0.42,8,0.40,9,0.40,0.00
M,129,Yarmoliuk,5.0,5.0,Brentford,82,2.99,78,3.21,76,2.78,73,2.70,73,2.53,72,2.97,72,3.13,73,2.91,71,3.16,72,2.80,0.00
M,130,Donovan,4.4,4.4,Brentford,0,0.00,0,0.00,0,0.00,0,0.00,0,0.00,0,0.00,0,0.00,0,0.00,0,0.00,0,0.00,0.00
M,131,Konak,4.3,4.3,Brentford,0,0.00,0,0.00,0,0.00,0,0.00,0,0.00,0,0.00,0,0.00,0,0.00,0,0.00,0,0.00,0.00
M,132,Maghoma,4.5,4.5,Brentford,0,0.00,0,0.00,1,0.07,1,0.06,2,0.11,2,0.10,2,0.12,2,0.13,3,0.15,2,0.13,0.00
M,133,Peart-Harris,4.4,4.4,Brentford,2,0.15,3,0.19,2,0.12,2,0.14,4,0.26,3,0.23,4,0.27,3,0.20,4,0.27,3,0.21,0.00
M,134,Trevitt,4.5,4.5,Brentford,0,0.00,0,0.00,0,0.00,0,0.00,0,0.00,0,0.00,0,0.00,0,0.00,0,0.00,0,0.00,0.00
F,135,Wissa,7.3,7.3,Newcastle,41,2.58,41,2.43,39,2.00,43,2.57,42,2.27,43,1.99,43,2.59,43,2.59,44,2.20,44,2.68,0.00
F,136,Thiago,7.1,7.1,Brentford,86,3.96,83,4.69,82,3.82,82,3.81,79,3.32,78,4.41,77,4.53,77,4.03,76,5.10,78,3.84,0.54
F,137,Morgan,4.4,4.4,Brentford,0,0.00,0,0.00,0,0.00,0,0.00,0,0.00,0,0.00,0,0.00,0,0.00,0,0.00,0,0.00,0.00
G,138,Steele,4.2,4.2,Brighton,2,0.06,2,0.06,3,0.12,3,0.12,3,0.09,4,0.13,3,0.13,3,0.10,3,0.11,3,0.09,0.00
G,139,Verbruggen,4.5,4.5,Brighton,93,3.38,93,3.29,92,3.66,92,3.51,92,2.94,91,3.14,92,3.51,91,2.82,92,3.52,92,3.00,0.17
G,140,McGill,3.9,3.9,Brighton,0,0.00,0,0.00,0,0.00,0,0.00,0,0.00,0,0.00,0,0.00,0,0.00,0,0.00,0,0.00,0.00
G,141,Rushworth,4.0,4.0,Brighton,0,0.00,0,0.00,0,0.00,0,0.00,0,0.00,0,0.00,0,0.00,0,0.00,0,0.00,0,0.00,0.00
G,142,Scherpen,4.0,4.0,Brighton,0,0.00,0,0.00,0,0.00,0,0.00,0,0.00,0,0.00,0,0.00,0,0.00,0,0.00,0,0.00,0.00
D,143,Boscagli,4.2,4.2,Brighton,12,0.48,17,0.65,20,0.86,23,0.99,23,0.79,26,0.99,30,1.31,27,0.90,27,1.19,25,0.93,0.00
D,144,Coppola,4.2,4.2,Brighton,6,0.25,10,0.38,14,0.60,16,0.67,19,0.61,19,0.68,19,0.81,20,0.60,19,0.81,22,0.78,0.00
D,145,De Cuyper,4.3,4.3,Brighton,31,1.77,30,1.45,31,1.85,30,1.73,31,1.32,31,1.49,30,1.71,34,1.31,32,1.74,34,1.58,0.00
D,146,Dunk,4.5,4.5,Brighton,89,3.34,84,2.96,81,3.48,74,3.00,71,2.06,68,2.29,65,2.62,66,1.81,70,2.78,68,2.15,0.00
D,147,Estupiñan,4.5,4.5,Brighton,0,0.00,0,0.00,0,0.00,0,0.00,0,0.00,0,0.00,0,0.00,0,0.00,0,0.00,0,0.00,0.00
D,148,F.Kadıoğlu,4.4,4.4,Brighton,85,3.42,82,2.89,77,3.51,77,3.41,77,2.26,75,2.53,76,3.20,74,1.97,76,3.14,75,2.44,0.00
D,149,Igor,4.5,4.5,West Ham,16,0.49,18,0.72,14,0.36,10,0.36,8,0.25,9,0.30,9,0.23,8,0.24,9,0.22,9,0.24,0.00
D,150,Lamptey,4.4,4.4,Brighton,0,0.00,0,0.00,0,0.00,0,0.00,0,0.00,0,0.00,0,0.00,0,0.00,0,0.00,0,0.00,0.00
D,151,Van Hecke,4.5,4.5,Brighton,92,3.73,87,3.29,85,3.91,84,3.64,82,2.54,82,2.99,83,3.51,82,2.38,81,3.46,81,2.75,0.07
D,152,Veltman,4.3,4.3,Brighton,67,2.86,55,2.17,35,1.67,34,1.55,33,1.13,36,1.40,35,1.53,37,1.18,34,1.51,35,1.30,0.00
D,153,Webster,4.4,4.4,Brighton,0,0.00,0,0.00,0,0.00,0,0.00,0,0.00,0,0.00,0,0.00,0,0.00,0,0.00,0,0.00,0.00
D,154,Cashin,4.0,4.0,Brighton,0,0.00,0,0.00,0,0.00,0,0.00,0,0.00,0,0.00,0,0.00,0,0.00,0,0.00,0,0.00,0.00
D,155,Slater,4.0,4.0,Brighton,0,0.00,0,0.00,0,0.00,0,0.00,0,0.00,0,0.00,0,0.00,0,0.00,0,0.00,0,0.00,0.00
D,156,Tasker,3.8,3.8,Brighton,0,0.00,0,0.00,0,0.00,0,0.00,0,0.00,0,0.00,0,0.00,0,0.00,0,0.00,0,0.00,0.00
M,157,Mitoma,6.1,6.1,Brighton,73,4.23,71,3.42,68,3.75,67,3.75,64,2.99,65,3.22,65,3.64,61,2.57,63,3.24,62,3.08,0.00
M,158,Georginio,5.6,5.6,Brighton,72,4.39,70,3.53,66,3.84,65,3.92,65,3.10,65,3.27,62,3.67,64,2.79,63,3.45,64,3.29,0.02
M,159,March,5.8,5.8,Brighton,1,0.08,3,0.20,5,0.38,8,0.51,8,0.46,8,0.49,9,0.53,9,0.47,10,0.56,10,0.56,0.00
M,160,Minteh,5.8,5.8,Brighton,38,2.28,59,2.95,70,3.94,68,3.93,68,3.24,68,3.40,66,3.79,66,2.83,66,3.44,64,3.38,0.11
M,161,Enciso,5.4,5.4,Brighton,0,0.00,0,0.00,0,0.00,0,0.00,0,0.00,0,0.00,0,0.00,0,0.00,0,0.00,0,0.00,0.00
M,162,Gruda,5.4,5.4,Brighton,40,2.23,33,1.60,31,1.68,29,1.59,32,1.48,29,1.44,31,1.68,31,1.35,31,1.59,32,1.57,0.00
M,163,Hinshelwood,5.1,5.1,Brighton,35,1.53,34,1.38,28,1.25,30,1.31,30,1.18,31,1.24,31,1.32,32,1.19,33,1.35,33,1.35,0.00
M,164,O'Riley,5.5,5.5,Brighton,0,0.00,0,0.00,0,0.00,0,0.00,0,0.00,0,0.00,0,0.00,0,0.00,0,0.00,0,0.00,0.00
M,165,Sima,5.4,5.4,Brighton,0,0.00,0,0.00,0,0.00,0,0.00,0,0.00,0,0.00,0,0.00,0,0.00,0,0.00,0,0.00,0.00
M,166,Ayari,4.8,4.8,Brighton,72,3.36,69,2.88,66,3.07,65,3.00,65,2.54,62,2.63,61,2.75,60,2.21,61,2.68,61,2.53,0.00
M,167,Baleba,4.5,4.5,Brighton,42,1.77,40,1.57,40,1.66,38,1.58,39,1.45,36,1.41,39,1.63,41,1.46,39,1.56,41,1.59,0.00
M,168,Buonanotte,4.6,4.6,Chelsea,2,0.18,2,0.19,3,0.31,3,0.27,4,0.34,4,0.40,4,0.27,5,0.34,4,0.34,4,0.21,0.00
M,169,Gomez,4.9,4.9,Brighton,58,3.13,56,2.59,52,2.76,54,2.88,53,2.34,54,2.52,54,2.80,52,2.10,53,2.65,50,2.41,0.00
M,170,Milner,4.9,4.9,Brighton,8,0.46,8,0.43,9,0.48,9,0.51,10,0.47,12,0.55,13,0.61,14,0.57,13,0.62,14,0.63,0.00
M,171,Sarmiento,4.9,4.9,Brighton,0,0.00,0,0.00,0,0.00,0,0.00,0,0.00,0,0.00,0,0.00,0,0.00,0,0.00,0,0.00,0.00
M,172,Watson,4.8,4.8,Brighton,3,0.28,3,0.27,3,0.25,3,0.27,3,0.26,4,0.27,4,0.33,4,0.28,5,0.34,4,0.32,0.00
M,173,Wieffer,4.9,4.9,Brighton,8,0.38,28,1.22,61,2.90,70,3.39,69,2.86,70,3.08,68,3.17,66,2.63,68,3.11,68,2.96,0.00
M,174,Yalcouye,5.0,5.0,Brighton,0,0.00,0,0.00,0,0.00,0,0.00,0,0.00,0,0.00,0,0.00,0,0.00,0,0.00,0,0.00,0.00
M,175,Knight,4.4,4.4,Brighton,0,0.00,0,0.00,0,0.00,0,0.00,0,0.00,0,0.00,0,0.00,0,0.00,0,0.00,0,0.00,0.00
M,176,Mazilu,4.5,4.5,Brighton,0,0.00,0,0.00,0,0.00,0,0.00,0,0.00,0,0.00,0,0.00,0,0.00,0,0.00,0,0.00,0.00
M,177,Moran,4.5,4.5,Brighton,0,0.00,0,0.00,0,0.00,0,0.00,0,0.00,0,0.00,0,0.00,0,0.00,0,0.00,0,0.00,0.00
F,178,Welbeck,6.2,6.2,Brighton,56,3.56,53,2.82,50,3.02,48,2.98,50,2.51,48,2.54,48,2.87,49,2.23,47,2.66,49,2.68,0.01
F,179,Ferguson,5.5,5.5,Brighton,0,0.00,0,0.00,0,0.00,0,0.00,0,0.00,0,0.00,0,0.00,0,0.00,0,0.00,0,0.00,0.00
F,180,Tzimas,5.2,5.2,Brighton,0,0.00,0,0.00,0,0.00,0,0.00,0,0.00,0,0.00,0,0.00,0,0.00,0,0.00,0,0.00,0.00
F,181,Kostoulas,4.8,4.8,Brighton,11,0.72,11,0.62,12,0.72,13,0.81,11,0.61,13,0.74,14,0.88,14,0.70,15,0.86,15,0.84,0.00
G,182,Trafford,4.5,4.5,Man City,2,0.06,2,0.09,2,0.07,2,0.07,2,0.09,3,0.10,3,0.14,3,0.14,3,0.13,3,0.01,0.00
G,183,Weiss,4.3,4.3,Burnley,2,0.04,2,0.07,2,0.08,4,0.13,4,0.13,4,0.10,5,0.16,4,0.14,5,0.17,4,0.13,0.00
G,184,Green,4.0,4.0,Burnley,0,0.00,0,0.00,0,0.00,0,0.00,0,0.00,0,0.00,0,0.00,0,0.00,0,0.00,0,0.00,0.00
G,185,Hladký,3.9,3.9,Burnley,0,0.00,0,0.00,0,0.00,0,0.00,0,0.00,0,0.00,0,0.00,0,0.00,0,0.00,0,0.00,0.00
D,186,Roberts,4.4,4.4,Burnley,0,0.00,0,0.00,0,0.00,0,0.00,0,0.00,0,0.00,0,0.00,0,0.00,0,0.00,0,0.00,0.00
D,187,Walker,4.4,4.4,Burnley,90,1.56,88,2.77,85,2.63,83,2.85,83,2.21,81,1.47,76,2.32,76,2.16,76,2.18,73,1.91,0.00
D,188,Delcroix,3.8,3.8,Burnley,0,0.00,0,0.00,0,0.00,0,0.00,0,0.00,0,0.00,0,0.00,0,0.00,0,0.00,0,0.00,0.00
D,189,Dodgson,4.0,4.0,Burnley,0,0.00,0,0.00,0,0.00,0,0.00,0,0.00,0,0.00,0,0.00,0,0.00,0,0.00,0,0.00,0.00
D,190,Ekdal,3.9,3.9,Burnley,54,1.42,54,2.03,57,2.23,58,2.34,59,1.96,55,1.43,56,1.98,56,2.00,58,2.02,56,1.87,0.00
D,191,Estève,3.9,3.9,Burnley,92,2.56,91,3.52,89,3.62,87,3.62,87,3.08,85,2.38,86,3.17,86,3.30,87,3.13,87,3.03,0.05
D,192,Hartman,4.0,4.0,Burnley,22,0.55,33,1.25,46,1.72,45,1.93,44,1.46,44,1.06,44,1.62,45,1.56,42,1.53,42,1.33,0.00
D,193,Humphreys,3.9,3.9,Burnley,7,0.14,9,0.27,10,0.31,13,0.46,11,0.31,14,0.32,13,0.41,14,0.44,14,0.43,15,0.44,0.00
D,194,Jordan,3.9,3.9,Burnley,0,0.00,0,0.00,0,0.00,0,0.00,0,0.00,4,0.09,9,0.27,11,0.32,11,0.33,11,0.31,0.00
D,195,Lucas Pires,3.8,3.8,Burnley,68,1.51,59,2.19,48,1.72,48,1.94,49,1.55,47,1.10,48,1.71,47,1.59,50,1.76,49,1.50,0.00
D,196,Sambo,4.0,4.0,Burnley,0,0.00,0,0.00,0,0.00,0,0.00,0,0.00,0,0.00,0,0.00,0,0.00,0,0.00,0,0.00,0.00
D,197,Sonne,3.8,3.8,Burnley,7,0.19,10,0.35,11,0.42,14,0.58,14,0.50,15,0.41,17,0.64,16,0.59,19,0.70,21,0.70,0.00
D,198,Tuanzebe,3.9,3.9,Burnley,86,1.88,83,2.71,80,2.68,77,2.75,77,2.30,76,1.68,73,2.33,73,2.31,72,2.20,73,2.12,0.00
D,199,Worrall,3.8,3.8,Burnley,1,0.02,3,0.08,4,0.11,4,0.13,6,0.16,6,0.11,6,0.16,5,0.14,6,0.16,4,0.10,0.00
M,200,Anthony,5.1,5.1,Burnley,41,1.73,39,1.96,40,1.92,40,2.25,39,1.79,39,1.67,38,1.93,37,1.73,37,1.98,39,1.80,0.00
M,201,Benson,5.4,5.4,Burnley,0,0.00,0,0.00,0,0.00,0,0.00,0,0.00,0,0.00,0,0.00,0,0.00,0,0.00,0,0.00,0.00
M,202,Bruun Larsen,5.3,5.3,Burnley,51,2.09,52,2.51,52,2.45,50,2.74,49,2.20,47,1.94,49,2.35,50,2.23,47,2.38,49,2.14,0.00
M,203,Boateng,4.7,4.7,Burnley,0,0.00,0,0.00,0,0.00,0,0.00,0,0.00,0,0.00,0,0.00,0,0.00,0,0.00,0,0.00,0.00
M,204,Churlinov,4.9,4.9,Burnley,0,0.00,0,0.00,0,0.00,0,0.00,0,0.00,0,0.00,0,0.00,0,0.00,0,0.00,0,0.00,0.00
M,205,Cullen,5.0,5.0,Burnley,0,0.00,0,0.00,0,0.00,0,0.00,0,0.00,0,0.00,0,0.00,0,0.00,0,0.00,0,0.00,0.00
M,206,Edwards,4.7,4.7,Burnley,42,1.73,43,2.05,42,1.89,41,2.11,41,1.77,42,1.70,42,1.99,42,1.81,42,2.03,43,1.79,0.00
M,207,Hannibal,4.7,4.7,Burnley,36,1.31,37,1.56,34,1.37,37,1.69,37,1.46,40,1.47,38,1.55,39,1.49,40,1.68,38,1.46,0.00
M,208,Koleosho,5.0,5.0,Burnley,0,0.00,0,0.00,0,0.00,0,0.00,0,0.00,0,0.00,0,0.00,0,0.00,0,0.00,0,0.00,0.00
M,209,Laurent,4.8,4.8,Burnley,39,1.34,39,1.47,43,1.59,44,1.76,45,1.64,45,1.54,46,1.72,45,1.61,43,1.64,45,1.59,0.00
M,210,Tchaouna,4.9,4.9,Burnley,34,1.43,31,1.52,34,1.58,34,1.83,32,1.48,35,1.48,35,1.69,33,1.47,34,1.69,34,1.46,0.00
M,211,A.Ramsey,4.4,4.4,Burnley,0,0.00,0,0.00,0,0.00,0,0.00,0,0.00,0,0.00,0,0.00,0,0.00,0,0.00,0,0.00,0.00
M,212,Adewumi,4.5,4.5,Burnley,0,0.00,0,0.00,0,0.00,0,0.00,0,0.00,0,0.00,0,0.00,0,0.00,0,0.00,0,0.00,0.00
M,213,Banel,4.5,4.5,Burnley,0,0.00,0,0.00,0,0.00,0,0.00,0,0.00,0,0.00,0,0.00,0,0.00,0,0.00,0,0.00,0.00
M,214,Trésor,4.4,4.4,Burnley,0,0.00,0,0.00,0,0.00,0,0.00,0,0.00,0,0.00,0,0.00,0,0.00,0,0.00,0,0.00,0.00
F,215,Flemming,5.3,5.3,Burnley,9,0.43,20,1.14,22,1.18,23,1.40,24,1.17,24,1.15,24,1.32,24,1.21,26,1.45,25,1.23,0.00
F,216,Amdouni,4.8,4.8,Burnley,0,0.00,0,0.00,0,0.00,0,0.00,0,0.00,0,0.00,0,0.00,0,0.00,0,0.00,0,0.00,0.00
F,217,Foster,4.9,4.9,Burnley,46,1.79,44,1.97,44,1.88,45,2.29,46,1.91,45,1.76,47,2.03,47,1.94,45,2.10,46,1.85,0.00
F,218,Barnes,4.2,4.2,Burnley,0,0.00,0,0.00,0,0.00,1,0.10,0,0.00,1,0.09,1,0.08,0,0.00,1,0.10,1,0.08,0.06
F,219,Obafemi,4.4,4.4,Burnley,0,0.00,0,0.00,0,0.00,0,0.00,0,0.00,0,0.00,0,0.00,0,0.00,0,0.00,0,0.00,0.00
G,220,Sánchez,4.9,4.9,Chelsea,91,3.50,90,3.28,89,3.53,87,3.44,87,3.60,85,3.90,86,2.59,85,2.80,85,3.01,85,2.21,0.03
G,221,Jörgensen,4.3,4.3,Chelsea,4,0.15,5,0.21,6,0.24,8,0.30,8,0.33,10,0.44,9,0.27,10,0.32,10,0.34,10,0.27,0.00
G,222,Penders,4.0,4.0,Chelsea,0,0.00,0,0.00,0,0.00,0,0.00,0,0.00,0,0.00,0,0.00,0,0.00,0,0.00,0,0.00,0.00
G,223,Slonina,3.9,3.9,Chelsea,0,0.00,0,0.00,0,0.00,0,0.00,0,0.00,0,0.00,0,0.00,0,0.00,0,0.00,0,0.00,0.00
D,224,Cucurella,6.0,6.0,Chelsea,82,3.75,76,3.21,75,3.84,74,3.62,72,3.64,71,4.22,72,1.91,71,2.49,72,2.91,71,2.17,0.00
D,225,James,5.7,5.7,Chelsea,75,3.59,70,3.04,67,3.75,65,3.36,66,3.52,63,4.15,65,1.71,62,2.28,63,2.71,62,1.99,0.00
D,226,Chalobah,5.5,5.5,Chelsea,86,3.74,82,3.46,80,3.84,77,3.62,76,3.74,76,4.25,75,2.19,75,2.70,72,2.89,75,2.27,0.01
D,227,Colwill,4.7,4.7,Chelsea,0,0.00,0,0.00,0,0.00,0,0.00,0,0.00,0,0.00,0,0.00,0,0.00,0,0.00,0,0.00,0.00
D,228,Gusto,5.0,5.0,Chelsea,25,1.11,30,1.27,32,1.59,36,1.71,34,1.72,35,2.00,33,0.94,34,1.25,35,1.49,35,1.08,0.00
D,229,B.Badiashile,4.4,4.4,Chelsea,16,0.63,18,0.71,19,0.82,20,0.82,20,0.88,22,1.07,20,0.57,21,0.73,21,0.79,21,0.60,0.00
D,230,Fofana,4.4,4.4,Chelsea,70,3.09,63,2.67,62,2.96,63,2.99,59,2.90,59,3.24,59,1.78,58,2.13,58,2.29,55,1.70,0.00
D,231,M.Sarr,4.5,4.5,Chelsea,0,0.00,0,0.00,0,0.00,0,0.00,0,0.00,0,0.00,0,0.00,0,0.00,0,0.00,0,0.00,0.00
D,232,Tosin,4.0,4.0,Chelsea,14,0.59,21,0.84,22,1.01,22,0.99,24,1.14,24,1.34,24,0.73,26,0.96,26,1.06,27,0.84,0.00
D,233,Acheampong,3.8,3.8,Chelsea,7,0.38,11,0.43,11,0.50,13,0.54,15,0.70,16,0.80,19,0.62,17,0.65,19,0.79,18,0.56,0.00
D,234,Anselmino,4.0,4.0,Chelsea,0,0.00,0,0.00,0,0.00,0,0.00,0,0.00,0,0.00,0,0.00,0,0.00,0,0.00,0,0.00,0.00
M,235,Palmer,10.4,10.4,Chelsea,78,5.30,76,4.71,72,5.88,71,4.97,71,5.25,72,6.19,71,3.08,72,4.01,72,4.75,73,3.04,0.02
M,236,Neto,7.1,7.1,Chelsea,78,4.12,75,3.72,73,4.64,72,4.04,71,4.13,70,4.67,72,2.64,69,3.16,68,3.58,66,2.26,0.00
M,237,Enzo,6.4,6.4,Chelsea,81,4.24,78,3.75,76,4.59,74,3.97,75,4.27,75,4.91,73,2.61,73,3.22,75,3.77,73,2.49,0.06
M,238,Estêvão,6.4,6.4,Chelsea,35,2.04,35,1.90,36,2.40,35,2.07,35,2.23,35,2.53,36,1.54,36,1.82,35,1.99,36,1.32,0.00
M,239,Gittens,6.0,6.0,Chelsea,9,0.61,12,0.67,12,0.83,13,0.78,13,0.86,15,1.07,14,0.68,14,0.76,17,1.01,16,0.63,0.00
M,240,Nkunku,5.9,5.9,Chelsea,0,0.00,0,0.00,0,0.00,0,0.00,0,0.00,0,0.00,0,0.00,0,0.00,0,0.00,0,0.00,0.00
M,241,Caicedo,5.7,5.7,Chelsea,88,3.65,84,3.40,83,3.59,82,3.45,82,3.59,81,3.79,81,2.87,80,3.03,77,3.08,78,2.19,0.00
M,242,Dewsbury-Hall,4.9,4.9,Everton,40,1.58,75,3.34,78,3.12,79,3.21,78,3.80,77,3.52,79,3.00,76,3.96,75,2.41,75,2.17,0.05
M,243,George,4.8,4.8,Chelsea,0,0.00,0,0.00,1,0.12,1,0.14,2,0.18,2,0.18,2,0.13,2,0.18,2,0.18,2,0.12,0.00
M,244,Lavia,4.9,4.9,Chelsea,4,0.20,9,0.39,14,0.54,13,0.52,15,0.61,15,0.67,15,0.53,17,0.66,16,0.64,18,0.50,0.00
M,245,Mudryk,4.9,4.9,Chelsea,0,0.00,0,0.00,0,0.00,0,0.00,0,0.00,0,0.00,0,0.00,0,0.00,0,0.00,0,0.00,0.00
M,246,Andrey Santos,4.5,4.5,Chelsea,24,1.20,24,1.14,26,1.40,27,1.37,28,1.44,27,1.57,27,1.05,27,1.19,29,1.34,29,0.91,0.00
M,247,D.Essugo,4.3,4.3,Chelsea,1,0.12,2,0.12,2,0.17,2,0.16,3,0.21,3,0.23,3,0.20,4,0.23,4,0.27,4,0.16,0.00
M,248,Paez,4.5,4.5,Chelsea,0,0.00,0,0.00,0,0.00,0,0.00,0,0.00,0,0.00,0,0.00,0,0.00,0,0.00,0,0.00,0.00
F,249,João Pedro,7.1,7.1,Chelsea,71,3.84,68,3.38,68,4.32,67,3.75,64,3.79,66,4.37,66,2.49,66,3.08,67,3.56,65,2.20,0.00
F,250,Delap,6.2,6.2,Chelsea,52,3.15,52,2.87,50,3.64,52,3.26,50,3.27,49,3.81,50,2.06,49,2.60,48,2.85,50,1.93,0.00
F,251,N.Jackson,6.5,6.5,Chelsea,0,0.00,0,0.00,0,0.00,0,0.00,0,0.00,0,0.00,0,0.00,0,0.00,0,0.00,0,0.00,0.00
F,252,Marc Guiu,4.2,4.2,Chelsea,4,0.37,5,0.41,7,0.59,8,0.64,8,0.62,8,0.74,8,0.47,8,0.56,9,0.62,9,0.40,0.59
G,253,Henderson,5.1,5.1,Crystal Palace,94,3.61,92,3.10,92,3.21,91,2.94,91,3.85,90,3.70,90,2.93,90,3.08,90,3.40,90,0.13,0.00
G,254,Benitez,4.0,4.0,Crystal Palace,1,0.04,3,0.09,3,0.12,4,0.12,4,0.19,5,0.20,5,0.17,5,0.19,5,0.21,5,0.01,0.00
G,255,Matthews,3.9,3.9,Crystal Palace,0,0.00,0,0.00,0,0.00,0,0.00,0,0.00,0,0.00,0,0.00,0,0.00,0,0.00,0,0.00,0.00
D,256,Muñoz,5.8,5.8,Crystal Palace,0,0.00,35,1.38,69,2.80,83,3.00,82,5.04,82,4.59,82,2.81,82,3.30,82,3.97,81,0.10,0.00
D,257,Lacroix,5.1,5.1,Crystal Palace,91,4.32,87,3.32,85,3.52,83,3.03,83,4.57,83,4.26,81,2.85,82,3.38,81,3.79,80,0.11,0.16
D,258,Mitchell,5.0,5.0,Crystal Palace,91,3.74,88,2.92,87,3.06,86,2.60,85,4.39,84,4.09,83,2.39,82,2.85,83,3.38,84,0.09,0.00
D,259,Sosa,4.8,4.8,Crystal Palace,22,0.92,11,0.41,8,0.33,8,0.29,10,0.47,10,0.50,11,0.39,11,0.42,11,0.48,9,0.01,0.00
D,260,Guéhi,5.3,5.3,Crystal Palace,93,3.98,90,3.09,88,3.28,86,2.69,87,4.42,86,4.12,85,2.63,86,3.21,85,3.62,86,0.10,0.00
D,261,Richards,4.4,4.4,Crystal Palace,88,3.97,84,3.09,79,3.15,77,2.69,75,3.95,74,3.64,74,2.47,72,2.88,73,3.31,73,0.10,0.09
D,262,Chadi Riad,4.0,4.0,Crystal Palace,0,0.00,7,0.22,19,0.69,24,0.80,25,1.23,25,1.14,25,0.83,27,1.02,27,1.17,25,0.03,0.00
D,263,Clyne,3.8,3.8,Crystal Palace,33,1.38,42,1.51,23,0.89,16,0.56,17,0.80,18,0.83,17,0.59,18,0.69,18,0.78,18,0.03,0.00
D,264,Holding,4.0,4.0,Crystal Palace,0,0.00,0,0.00,0,0.00,0,0.00,0,0.00,0,0.00,0,0.00,0,0.00,0,0.00,0,0.00,0.00
D,265,Kporha,4.0,4.0,Crystal Palace,0,0.00,0,0.00,0,0.00,0,0.00,0,0.00,0,0.00,0,0.00,0,0.00,0,0.00,0,0.00,0.00
M,266,Eze,7.3,7.3,Arsenal,16,0.98,20,1.29,24,1.40,28,1.90,27,1.84,29,1.65,30,1.83,28,1.65,27,1.80,30,0.62,0.00
M,267,Sarr,6.3,6.3,Crystal Palace,0,0.00,76,3.63,73,3.40,73,3.34,71,4.33,70,4.23,71,3.16,68,3.13,66,3.46,68,0.13,0.00
M,268,Doucouré,4.9,4.9,Crystal Palace,0,0.00,3,0.18,9,0.39,11,0.46,12,0.53,9,0.44,6,0.33,7,0.34,6,0.34,6,0.02,0.00
M,269,Esse,4.7,4.7,Crystal Palace,0,0.00,0,0.00,0,0.00,0,0.00,0,0.00,0,0.00,0,0.00,0,0.00,0,0.00,0,0.00,0.00
M,270,Hughes,4.7,4.7,Crystal Palace,72,2.70,61,2.27,56,2.09,57,2.05,57,2.50,41,1.83,26,1.03,22,0.90,23,1.00,22,0.04,0.00
M,271,Kamada,5.0,5.0,Crystal Palace,0,0.00,0,0.00,0,0.00,0,0.00,0,0.00,28,1.52,57,2.34,69,2.86,69,3.19,69,0.13,0.00
M,272,Lerma,4.9,4.9,Crystal Palace,18,0.72,36,1.41,34,1.34,32,1.22,34,1.47,30,1.28,27,1.04,24,0.94,23,0.96,24,0.05,0.00
M,273,Wharton,5.0,5.0,Crystal Palace,87,3.51,84,3.38,82,3.22,79,3.11,76,3.62,78,3.66,78,2.93,77,3.05,76,3.16,78,0.14,0.00
M,274,Agbinone,4.3,4.3,Crystal Palace,0,0.00,0,0.00,0,0.00,0,0.00,0,0.00,0,0.00,0,0.00,0,0.00,0,0.00,0,0.00,0.00
M,275,Ahamada,4.3,4.3,Crystal Palace,0,0.00,0,0.00,0,0.00,0,0.00,0,0.00,0,0.00,0,0.00,0,0.00,0,0.00,0,0.00,0.00
M,276,Devenny,4.3,4.3,Crystal Palace,54,2.41,28,1.29,20,0.97,20,0.98,21,1.17,18,1.04,16,0.77,15,0.72,15,0.78,15,0.03,0.01
M,277,Ebiowei,4.5,4.5,Crystal Palace,0,0.00,0,0.00,0,0.00,0,0.00,0,0.00,0,0.00,0,0.00,0,0.00,0,0.00,0,0.00,0.00
M,278,J.Rak-Sakyi,4.4,4.4,Crystal Palace,0,0.00,0,0.00,0,0.00,0,0.00,0,0.00,0,0.00,0,0.00,0,0.00,0,0.00,0,0.00,0.00
M,279,M.França,4.5,4.5,Crystal Palace,0,0.00,0,0.00,0,0.00,0,0.00,0,0.00,0,0.00,0,0.00,0,0.00,0,0.00,0,0.00,0.00
M,280,Ozoh,4.5,4.5,Crystal Palace,0,0.00,0,0.00,0,0.00,0,0.00,0,0.00,0,0.00,0,0.00,0,0.00,0,0.00,0,0.00,0.00
M,281,Rodney,4.4,4.4,Crystal Palace,0,0.00,0,0.00,0,0.00,0,0.00,0,0.00,0,0.00,0,0.00,0,0.00,0,0.00,0,0.00,0.00
M,282,Umeh,4.5,4.5,Crystal Palace,0,0.00,0,0.00,0,0.00,0,0.00,0,0.00,0,0.00,0,0.00,0,0.00,0,0.00,0,0.00,0.00
F,283,Mateta,7.6,7.6,Crystal Palace,82,4.16,70,3.74,66,3.28,65,3.28,64,4.10,62,3.97,61,3.00,60,3.03,61,3.45,61,0.13,0.03
F,284,Nketiah,5.4,5.4,Crystal Palace,16,0.86,28,1.49,33,1.61,36,1.78,35,2.19,35,2.15,35,1.72,36,1.75,36,2.01,36,0.08,0.00
F,285,Édouard,5.0,5.0,Crystal Palace,0,0.00,0,0.00,0,0.00,0,0.00,0,0.00,0,0.00,0,0.00,0,0.00,0,0.00,0,0.00,0.00
F,286,Marsh,4.5,4.5,Crystal Palace,0,0.00,0,0.00,0,0.00,0,0.00,0,0.00,0,0.00,0,0.00,0,0.00,0,0.00,0,0.00,0.00
G,287,Pickford,5.6,5.6,Everton,94,2.97,92,3.63,92,3.05,91,3.23,91,3.56,92,3.44,91,2.87,91,3.92,91,2.66,90,2.11,0.00
G,288,Travers,4.3,4.3,Everton,1,0.05,3,0.12,3,0.10,4,0.13,4,0.15,3,0.11,3,0.11,3,0.15,4,0.12,5,0.12,0.00
G,289,Tyrer,3.9,3.9,Everton,0,0.00,0,0.00,0,0.00,0,0.00,0,0.00,0,0.00,0,0.00,0,0.00,0,0.00,0,0.00,0.00
D,290,Branthwaite,5.3,5.3,Everton,0,0.00,38,1.79,60,2.17,81,3.36,81,3.67,79,3.30,77,2.64,80,4.32,78,2.32,79,2.02,0.00
D,291,Tarkowski,5.7,5.7,Everton,92,3.53,91,4.49,88,3.37,87,3.81,85,4.09,84,3.72,86,3.10,84,4.86,83,2.55,84,2.32,0.43
D,292,Mykolenko,4.9,4.9,Everton,90,2.72,86,3.60,85,2.60,83,2.95,82,3.28,81,2.96,81,2.33,79,3.96,78,1.86,80,1.77,0.00
D,293,O'Brien,4.9,4.9,Everton,91,2.85,83,3.56,76,2.34,73,2.57,74,2.96,73,2.61,73,2.04,71,3.53,71,1.59,70,1.56,0.00
D,294,Coleman,4.2,4.2,Everton,22,0.72,22,0.96,10,0.37,9,0.38,10,0.43,10,0.42,10,0.35,10,0.46,10,0.31,11,0.26,0.00
D,295,Keane,4.8,4.7,Everton,0,0.00,0,0.00,35,1.29,18,0.72,21,0.93,24,0.98,22,0.77,22,1.17,25,0.73,23,0.59,0.22
D,296,Patterson,4.4,4.4,Everton,39,1.32,14,0.57,8,0.27,10,0.35,10,0.40,8,0.32,11,0.35,11,0.47,12,0.34,11,0.28,0.00
D,297,Dixon,3.8,3.8,Everton,0,0.00,0,0.00,0,0.00,0,0.00,0,0.00,0,0.00,0,0.00,0,0.00,0,0.00,0,0.00,0.00
D,298,Welch,3.8,3.8,Everton,9,0.29,4,0.14,0,0.00,0,0.00,0,0.00,0,0.00,0,0.00,0,0.00,0,0.00,0,0.00,0.00
M,299,Ndiaye,6.2,6.2,Everton,0,0.00,80,4.41,78,3.74,78,3.77,75,4.43,75,4.20,76,3.45,75,4.86,76,2.79,75,2.60,0.00
M,300,McNeil,5.5,5.5,Everton,62,2.46,17,0.87,16,0.80,16,0.80,18,1.03,20,1.07,18,0.87,20,1.14,19,0.82,20,0.70,0.00
M,301,Alcaraz,5.2,5.2,Everton,30,1.27,36,1.79,36,1.69,36,1.63,38,2.04,38,1.97,38,1.66,38,2.18,36,1.36,37,1.21,0.00
M,302,Gana,5.4,5.4,Everton,0,0.00,78,3.14,74,2.81,73,2.81,72,3.05,74,3.02,72,2.62,71,3.11,72,2.42,71,1.89,0.00
M,303,Garner,5.1,5.0,Everton,91,3.48,83,3.50,81,3.22,81,3.20,78,3.55,78,3.40,77,2.95,77,3.66,78,2.65,77,2.17,0.01
M,304,Iroegbunam,4.8,4.8,Everton,53,1.89,33,1.30,28,1.06,26,1.04,27,1.15,28,1.17,29,1.08,29,1.21,29,1.00,30,0.78,0.00
M,305,Armstrong,4.5,4.5,Everton,56,1.86,13,0.53,10,0.39,10,0.37,13,0.57,13,0.54,12,0.47,15,0.64,14,0.50,14,0.39,0.00
M,306,Bates,4.3,4.3,Everton,0,0.00,0,0.00,0,0.00,0,0.00,0,0.00,0,0.00,0,0.00,0,0.00,0,0.00,0,0.00,0.00
M,307,Ebere,4.4,4.4,Everton,0,0.00,0,0.00,0,0.00,0,0.00,0,0.00,0,0.00,0,0.00,0,0.00,0,0.00,0,0.00,0.00
M,308,Heath,4.5,4.5,Everton,0,0.00,0,0.00,0,0.00,0,0.00,0,0.00,0,0.00,0,0.00,0,0.00,0,0.00,0,0.00,0.00
M,309,Metcalfe,4.5,4.5,Everton,0,0.00,0,0.00,0,0.00,0,0.00,0,0.00,0,0.00,0,0.00,0,0.00,0,0.00,0,0.00,0.00
F,310,Barry,5.7,5.7,Everton,76,3.29,67,3.29,64,2.89,64,2.90,64,3.42,63,3.23,61,2.63,62,3.41,63,2.24,64,2.09,0.01
F,311,Beto,5.0,5.0,Everton,31,1.57,30,1.67,31,1.63,31,1.57,30,1.88,31,1.85,31,1.56,32,2.02,30,1.27,30,1.13,0.00
F,312,Y.Chermiti,4.9,4.9,Everton,0,0.00,0,0.00,0,0.00,0,0.00,0,0.00,0,0.00,0,0.00,0,0.00,0,0.00,0,0.00,0.00
F,313,Sherif,4.4,4.4,Everton,0,0.00,0,0.00,0,0.00,0,0.00,0,0.00,0,0.00,0,0.00,0,0.00,0,0.00,0,0.00,0.00
G,314,Leno,4.9,4.9,Fulham,94,3.35,92,3.35,92,3.05,91,3.67,91,2.67,90,3.49,90,3.43,90,3.57,91,3.25,90,3.93,0.00
G,315,Benda,4.0,4.0,Fulham,0,0.00,0,0.00,0,0.00,0,0.00,0,0.00,0,0.00,0,0.00,0,0.00,0,0.00,0,0.00,0.00
D,316,Robinson,4.9,4.9,Fulham,84,3.31,74,3.04,71,2.31,71,3.33,69,1.73,68,3.05,68,3.06,71,3.44,69,2.61,70,3.94,0.00
D,317,Andersen,4.6,4.5,Fulham,93,3.87,91,3.82,89,3.17,87,4.33,88,2.59,87,4.18,85,3.92,86,4.23,86,3.50,84,4.62,0.65
D,318,Bassey,4.4,4.4,Fulham,0,0.00,87,3.13,85,2.57,83,3.61,83,1.98,82,3.42,82,3.31,81,3.49,80,2.83,82,4.03,0.00
D,319,Castagne,4.3,4.3,Fulham,62,2.40,28,1.18,20,0.68,24,1.10,24,0.64,25,1.06,25,1.11,25,1.21,27,1.01,27,1.39,0.00
D,320,Diop,4.3,4.3,Fulham,51,1.91,9,0.29,12,0.34,13,0.51,14,0.32,16,0.60,17,0.67,18,0.73,17,0.58,17,0.80,0.00
D,321,J.Cuenca,4.3,4.3,Fulham,89,3.63,48,2.01,51,1.83,51,2.49,49,1.46,52,2.39,51,2.29,52,2.44,52,2.12,50,2.69,0.00
D,322,Tete,4.5,4.5,Fulham,35,1.46,65,2.85,75,2.62,71,3.61,70,1.92,72,3.41,70,3.33,69,3.56,69,2.80,70,4.05,0.00
D,323,Amissah,3.8,3.8,Fulham,0,0.00,0,0.00,0,0.00,0,0.00,0,0.00,0,0.00,0,0.00,0,0.00,0,0.00,0,0.00,0.00
M,324,Iwobi,6.3,6.3,Fulham,0,0.00,76,3.47,75,3.02,75,3.43,75,2.71,73,3.21,73,3.35,72,3.60,71,2.89,71,3.70,0.00
M,325,Smith Rowe,5.6,5.6,Fulham,65,3.00,57,2.92,53,2.34,52,2.71,51,2.05,52,2.44,51,2.56,49,2.76,51,2.32,51,2.88,0.00
M,326,Adama,5.1,5.1,Fulham,13,0.64,4,0.28,4,0.26,5,0.34,6,0.34,5,0.35,4,0.30,4,0.32,5,0.31,4,0.32,0.00
M,327,Andreas,5.3,5.3,Fulham,0,0.00,0,0.00,0,0.00,0,0.00,0,0.00,0,0.00,0,0.00,0,0.00,0,0.00,0,0.00,0.00
M,328,Sessegnon,5.4,5.4,Fulham,24,1.07,30,1.38,32,1.36,34,1.58,34,1.34,34,1.51,34,1.55,33,1.61,32,1.38,33,1.67,0.00
M,329,Wilson,5.9,5.9,Fulham,84,4.22,79,4.31,78,3.62,76,4.17,75,3.01,75,3.84,74,4.00,75,4.69,75,3.59,73,4.66,0.07
M,330,Berge,4.9,4.9,Fulham,73,2.42,57,2.00,57,1.93,56,2.05,54,1.68,56,1.94,54,1.94,54,2.03,53,1.81,54,2.09,0.00
M,331,Cairney,4.8,4.8,Fulham,35,1.48,20,0.95,21,0.93,23,1.12,23,0.95,23,1.07,23,1.11,23,1.21,24,1.04,24,1.23,0.00
M,332,Lukić,4.9,4.9,Fulham,71,2.72,57,2.39,55,2.10,53,2.32,55,1.92,52,2.16,54,2.31,53,2.54,54,2.16,55,2.67,0.00
M,333,Godo,4.5,4.5,Fulham,0,0.00,0,0.00,0,0.00,0,0.00,0,0.00,0,0.00,0,0.00,0,0.00,0,0.00,0,0.00,0.00
M,334,Harris,4.5,4.5,Fulham,0,0.00,0,0.00,0,0.00,0,0.00,0,0.00,0,0.00,0,0.00,0,0.00,0,0.00,0,0.00,0.00
M,335,King,4.4,4.4,Fulham,11,0.53,17,0.88,22,1.06,23,1.23,23,1.04,22,1.06,20,0.99,20,1.08,20,0.97,19,1.06,0.02
M,336,Reed,4.3,4.3,Fulham,16,0.65,7,0.35,7,0.35,8,0.42,10,0.41,8,0.39,9,0.41,9,0.45,9,0.41,10,0.46,0.00
F,337,Raúl,6.2,6.2,Fulham,86,4.16,80,4.43,79,3.72,77,4.28,78,3.15,74,3.79,68,3.77,66,4.16,66,3.22,65,4.23,0.01
F,338,Muniz,5.3,5.3,Fulham,0,0.00,0,0.00,0,0.00,0,0.00,0,0.00,10,0.62,24,1.41,27,1.83,29,1.55,29,1.93,0.00
G,339,Meslier,4.2,4.2,Leeds,0,0.00,0,0.00,0,0.00,0,0.00,0,0.00,0,0.00,0,0.00,0,0.00,0,0.00,0,0.00,0.00
G,340,Cairns,3.9,3.9,Leeds,0,0.00,0,0.00,0,0.00,0,0.00,0,0.00,0,0.00,0,0.00,0,0.00,0,0.00,0,0.00,0.00
G,341,Darlow,3.9,3.9,Leeds,0,0.00,2,0.07,3,0.08,4,0.14,4,0.12,4,0.14,4,0.13,5,0.19,5,0.16,5,0.20,0.00
D,342,Bogle,4.4,4.4,Leeds,30,1.31,84,3.24,81,2.19,79,3.39,78,2.14,77,2.33,75,2.11,75,3.69,76,2.87,75,3.15,0.00
D,343,Struijk,4.3,4.3,Leeds,89,4.01,85,3.66,81,2.61,79,3.66,77,2.48,78,2.70,79,2.55,78,3.96,79,3.30,79,3.51,0.00
D,344,Bijol,3.9,3.9,Leeds,81,3.65,78,3.37,78,2.54,76,3.44,73,2.28,72,2.45,73,2.35,76,3.76,74,3.01,73,3.20,0.00
D,345,Bornauw,3.8,3.8,Leeds,11,0.41,20,0.79,26,0.83,30,1.30,32,0.98,33,1.08,31,0.97,31,1.47,31,1.20,31,1.31,0.00
D,346,Byram,3.8,3.8,Leeds,11,0.46,5,0.22,7,0.26,8,0.36,11,0.35,10,0.35,10,0.35,12,0.54,10,0.39,12,0.48,0.00
D,347,Gudmundsson,3.8,3.8,Leeds,87,4.07,81,3.33,76,2.26,76,3.48,75,2.24,76,2.44,74,2.27,74,3.88,76,3.00,75,3.44,0.05
D,348,Rodon,3.9,3.9,Leeds,91,3.78,87,3.56,84,2.54,83,3.52,83,2.49,81,2.58,82,2.41,81,3.80,82,3.15,83,3.34,0.15
D,349,Schmidt,4.0,4.0,Leeds,0,0.00,0,0.00,0,0.00,0,0.00,0,0.00,0,0.00,0,0.00,0,0.00,0,0.00,0,0.00,0.00
M,350,Aaronson,5.4,5.4,Leeds,66,3.19,61,2.74,54,2.14,49,2.52,49,2.10,47,2.05,49,2.16,48,2.58,49,2.25,50,2.47,0.00
M,351,Gnonto,5.2,5.2,Leeds,10,0.60,11,0.59,10,0.51,11,0.67,11,0.57,10,0.54,9,0.52,11,0.68,11,0.59,10,0.61,0.00
M,352,Harrison,5.1,5.1,Leeds,4,0.28,3,0.20,4,0.25,4,0.29,4,0.28,5,0.31,5,0.31,6,0.39,5,0.33,5,0.36,0.00
M,353,James,5.2,5.2,Leeds,0,0.00,2,0.11,7,0.36,15,0.93,21,1.07,19,1.03,19,1.02,21,1.32,20,1.12,19,1.13,0.00
M,354,Ampadu,4.9,4.9,Leeds,88,3.36,86,3.20,84,2.85,83,3.24,81,2.86,81,2.83,78,2.77,75,3.02,75,2.83,73,2.86,0.00
M,355,Greenwood,4.9,4.9,Leeds,0,0.00,0,0.00,0,0.00,0,0.00,0,0.00,0,0.00,0,0.00,0,0.00,0,0.00,0,0.00,0.00
M,356,Gruev,4.7,4.7,Leeds,15,0.58,20,0.73,20,0.72,21,0.84,25,0.87,26,0.91,25,0.89,26,1.04,26,0.95,28,1.07,0.00
M,357,Ramazani,4.9,4.9,Leeds,0,0.00,0,0.00,0,0.00,0,0.00,0,0.00,0,0.00,0,0.00,0,0.00,0,0.00,0,0.00,0.00
M,358,Tanaka,4.8,4.8,Leeds,7,0.33,9,0.41,11,0.45,13,0.59,13,0.55,15,0.63,17,0.70,18,0.82,18,0.78,19,0.82,0.00
M,359,Crew,4.5,4.5,Leeds,0,0.00,0,0.00,0,0.00,0,0.00,0,0.00,0,0.00,0,0.00,0,0.00,0,0.00,0,0.00,0.00
M,360,Gelhardt,4.5,4.5,Leeds,0,0.00,0,0.00,0,0.00,0,0.00,0,0.00,0,0.00,0,0.00,0,0.00,0,0.00,0,0.00,0.00
M,361,Gyabi,4.5,4.5,Leeds,0,0.00,0,0.00,0,0.00,0,0.00,0,0.00,0,0.00,0,0.00,0,0.00,0,0.00,0,0.00,0.00
F,362,Piroe,4.9,4.9,Leeds,7,0.47,8,0.50,8,0.47,10,0.64,10,0.57,10,0.57,11,0.62,12,0.77,12,0.68,14,0.84,0.00
F,363,Bamford,4.9,4.9,Leeds,0,0.00,0,0.00,0,0.00,0,0.00,0,0.00,0,0.00,0,0.00,0,0.00,0,0.00,0,0.00,0.00
F,364,Mateo Joseph,5.0,5.0,Leeds,0,0.00,0,0.00,0,0.00,0,0.00,0,0.00,0,0.00,0,0.00,0,0.00,0,0.00,0,0.00,0.00
F,365,Nmecha,5.0,5.0,Leeds,55,3.18,54,2.79,53,2.34,52,3.07,51,2.48,51,2.51,50,2.51,51,3.16,50,2.66,49,2.88,0.01
G,366,A.Becker,5.4,5.4,Liverpool,94,4.26,89,3.31,88,3.28,84,2.85,83,3.50,84,3.18,82,3.52,83,3.47,82,3.33,81,2.85,0.00
G,367,Mamardashvili,4.2,4.2,Liverpool,1,0.06,6,0.22,7,0.25,10,0.34,11,0.45,11,0.39,12,0.51,12,0.48,13,0.51,14,0.47,0.00
G,368,Pécsi,3.8,3.8,Liverpool,0,0.00,0,0.00,0,0.00,0,0.00,0,0.00,0,0.00,0,0.00,0,0.00,0,0.00,0,0.00,0.00
G,369,Woodman,3.9,3.9,Liverpool,0,0.00,0,0.00,0,0.00,0,0.00,0,0.00,0,0.00,0,0.00,0,0.00,0,0.00,0,0.00,0.00
D,370,Frimpong,5.7,5.7,Liverpool,78,4.81,73,2.88,73,3.03,73,2.47,71,3.42,71,2.93,69,3.68,70,3.49,70,3.42,70,2.65,0.00
D,371,Kerkez,5.6,5.6,Liverpool,73,4.19,73,2.87,70,2.89,69,2.32,68,3.18,69,2.83,67,3.43,66,3.20,67,3.20,68,2.52,0.00
D,372,Robertson,5.8,5.8,Liverpool,23,1.25,22,0.90,24,1.05,26,0.93,27,1.26,25,1.09,28,1.45,28,1.35,27,1.32,27,1.08,0.00
D,373,Virgil,5.9,5.9,Liverpool,91,5.19,88,3.78,86,3.72,85,3.12,83,4.22,83,3.75,85,4.32,83,4.22,83,4.12,81,3.33,0.54
D,374,Konaté,5.4,5.4,Liverpool,86,4.63,83,3.38,79,3.23,78,2.75,76,3.71,74,3.23,75,3.69,75,3.63,74,3.54,74,2.88,0.00
D,375,Bradley,5.0,5.0,Liverpool,0,0.00,0,0.00,0,0.00,0,0.00,0,0.00,0,0.00,0,0.00,0,0.00,0,0.00,0,0.00,0.00
D,376,Gomez,4.9,4.9,Liverpool,32,1.61,31,1.20,35,1.39,36,1.23,38,1.70,40,1.63,37,1.78,38,1.77,39,1.79,40,1.51,0.00
D,377,Tsimikas,4.8,4.8,Liverpool,0,0.00,0,0.00,0,0.00,0,0.00,0,0.00,0,0.00,0,0.00,0,0.00,0,0.00,0,0.00,0.00
D,378,Nallo,3.7,3.7,Liverpool,0,0.00,0,0.00,0,0.00,0,0.00,0,0.00,0,0.00,1,0.05,1,0.04,0,0.00,1,0.04,0.00
D,379,R.Williams,3.8,3.8,Liverpool,0,0.00,2,0.04,3,0.08,2,0.05,2,0.07,2,0.06,2,0.07,3,0.09,2,0.08,3,0.07,0.00
D,380,Ramsay,3.8,3.8,Liverpool,1,0.05,0,0.00,1,0.04,1,0.04,2,0.06,2,0.05,2,0.07,2,0.07,2,0.07,2,0.06,0.00
M,381,M.Salah,14.0,14.0,Liverpool,0,0.00,77,5.17,74,5.18,74,4.50,73,5.02,73,4.65,72,6.20,71,5.28,71,5.21,71,4.58,0.01
M,382,Wirtz,8.2,8.2,Liverpool,77,5.65,68,3.82,66,3.83,67,3.44,66,3.72,67,3.65,67,4.71,66,4.11,66,4.03,66,3.56,0.02
M,383,Luis Díaz,8.0,8.0,Liverpool,0,0.00,0,0.00,0,0.00,0,0.00,0,0.00,0,0.00,0,0.00,0,0.00,0,0.00,0,0.00,0.00
M,384,Gakpo,7.3,7.3,Liverpool,74,5.59,66,3.77,66,3.88,65,3.43,65,3.85,62,3.46,62,4.55,65,4.13,64,4.07,63,3.47,0.00
M,385,Chiesa,6.3,6.3,Liverpool,29,2.20,19,1.19,21,1.30,22,1.26,22,1.37,22,1.32,23,1.71,25,1.63,25,1.59,28,1.60,0.00
M,386,Mac Allister,6.2,6.2,Liverpool,71,4.07,62,2.85,63,2.87,63,2.57,65,2.96,62,2.73,62,3.27,62,3.00,63,3.00,63,2.73,0.00
M,387,Szoboszlai,6.6,6.6,Liverpool,82,5.95,76,3.91,74,3.94,73,3.43,73,3.87,75,3.80,73,4.60,72,4.10,72,4.09,71,3.57,0.62
M,388,C.Jones,5.4,5.4,Liverpool,47,2.46,39,1.71,41,1.82,40,1.65,40,1.79,42,1.82,43,2.19,42,1.94,44,2.04,45,1.90,0.00
M,389,Elliott,5.1,5.1,Aston Villa,8,0.54,7,0.46,6,0.46,3,0.22,2,0.17,0,0.00,0,0.00,0,0.00,2,0.15,0,0.00,0.00
M,390,Gravenberch,5.7,5.7,Liverpool,89,4.01,85,3.31,81,3.16,80,2.84,81,3.17,79,3.10,77,3.33,78,3.17,78,3.19,78,2.91,0.00
M,391,Gannon-Doak,4.8,4.8,Bournemouth,0,0.00,0,0.00,0,0.00,0,0.00,0,0.00,0,0.00,11,0.65,19,1.04,29,1.56,28,1.48,0.00
M,392,Endo,4.9,4.9,Liverpool,0,0.00,0,0.00,4,0.18,8,0.33,10,0.41,10,0.38,11,0.50,11,0.47,12,0.49,11,0.43,0.00
M,393,Bajcetic,4.3,4.3,Liverpool,0,0.00,0,0.00,0,0.00,2,0.13,3,0.21,6,0.33,6,0.36,6,0.34,7,0.37,7,0.35,0.00
M,394,McConnell,4.4,4.4,Liverpool,0,0.00,0,0.00,0,0.00,0,0.00,0,0.00,0,0.00,0,0.00,0,0.00,0,0.00,0,0.00,0.00
M,395,Morton,4.5,4.5,Liverpool,0,0.00,0,0.00,0,0.00,0,0.00,0,0.00,0,0.00,0,0.00,0,0.00,0,0.00,0,0.00,0.00
M,396,Nyoni,4.3,4.3,Liverpool,3,0.19,2,0.14,2,0.14,1,0.07,1,0.09,0,0.00,2,0.10,2,0.10,1,0.09,1,0.08,0.00
F,397,Darwin,6.5,6.5,Liverpool,0,0.00,0,0.00,0,0.00,0,0.00,0,0.00,0,0.00,0,0.00,0,0.00,0,0.00,0,0.00,0.00
F,398,Danns,4.3,4.3,Liverpool,0,0.00,0,0.00,0,0.00,0,0.00,0,0.00,0,0.00,0,0.00,0,0.00,0,0.00,0,0.00,0.00
G,399,Ederson M.,5.3,5.3,Man City,0,0.00,0,0.00,0,0.00,0,0.00,0,0.00,0,0.00,0,0.00,0,0.00,0,0.00,0,0.00,0.00
G,400,Ortega Moreno,4.7,4.7,Man City,0,0.00,0,0.00,0,0.00,0,0.00,0,0.00,0,0.00,0,0.00,0,0.00,0,0.00,0,0.00,0.00
G,401,Bettinelli,3.8,3.8,Man City,0,0.00,0,0.00,0,0.00,0,0.00,0,0.00,0,0.00,0,0.00,0,0.00,0,0.00,0,0.00,0.00
D,402,Aït-Nouri,5.7,5.7,Man City,37,1.60,31,1.96,33,1.62,32,1.33,36,1.98,35,1.76,34,1.68,37,2.07,36,1.96,35,0.10,0.00
D,403,Gvardiol,6.0,6.0,Man City,0,0.00,0,0.00,0,0.00,0,0.00,0,0.00,0,0.00,0,0.00,0,0.00,0,0.00,0,0.00,0.00
D,404,Akanji,5.4,5.4,Man City,0,0.00,0,0.00,0,0.00,0,0.00,0,0.00,0,0.00,0,0.00,0,0.00,0,0.00,0,0.00,0.00
D,405,Aké,5.3,5.3,Man City,90,3.37,75,4.05,63,2.79,55,1.98,51,2.49,38,1.64,40,1.76,37,1.82,39,1.79,37,0.09,0.00
D,406,Khusanov,5.4,5.4,Man City,89,3.15,74,3.75,64,2.67,56,1.91,52,2.40,38,1.54,37,1.56,39,1.73,38,1.64,42,0.10,0.00
D,407,Matheus N.,5.5,5.5,Man City,84,3.21,83,4.84,81,3.63,80,2.85,78,4.05,75,3.32,76,3.46,75,3.80,75,3.63,75,0.19,0.00
D,408,Rúben,5.6,5.6,Man City,0,0.00,0,0.00,0,0.00,19,0.66,32,1.54,80,3.22,77,3.29,77,3.62,78,3.41,76,0.18,0.00
D,409,Stones,5.4,5.4,Man City,0,0.00,29,1.54,60,2.55,60,2.12,59,2.80,44,1.83,44,1.91,45,2.07,43,1.94,44,0.11,0.00
D,410,Lewis,4.7,4.7,Man City,10,0.38,11,0.57,11,0.47,10,0.38,12,0.56,10,0.40,11,0.46,12,0.53,12,0.53,11,0.03,0.00
D,411,O'Reilly,5.3,5.3,Man City,70,2.91,71,4.40,68,3.24,68,2.55,63,3.52,63,3.03,65,3.14,63,3.42,61,3.14,63,0.18,0.28
D,412,Vitor Reis,5.0,5.0,Man City,0,0.00,0,0.00,0,0.00,0,0.00,0,0.00,0,0.00,0,0.00,0,0.00,0,0.00,0,0.00,0.00
M,413,Marmoush,8.3,8.3,Man City,0,0.00,29,2.74,30,2.20,30,2.01,31,2.60,31,2.46,31,2.26,30,2.57,32,2.76,35,0.15,0.00
M,414,Foden,8.7,8.4,Man City,78,4.60,74,5.78,74,4.33,72,3.81,72,4.89,72,4.65,70,4.29,68,4.74,69,4.75,70,0.24,0.95
M,415,Savinho,6.9,6.9,Man City,0,0.00,0,0.00,0,0.00,0,0.00,0,0.00,3,0.27,8,0.53,11,0.73,11,0.72,11,0.04,0.00
M,416,Bernardo,6.2,6.2,Man City,59,2.52,57,3.04,60,2.58,58,2.31,55,2.62,55,2.46,56,2.48,56,2.72,58,2.73,56,0.13,0.00
M,417,Cherki,6.8,6.8,Man City,59,3.39,46,3.62,45,2.70,47,2.52,47,3.26,45,2.90,44,2.67,45,3.04,44,3.06,46,0.16,0.11
M,418,Doku,6.4,6.4,Man City,61,3.15,50,3.25,48,2.60,48,2.39,45,2.64,43,2.51,43,2.36,45,2.76,44,2.61,44,0.13,0.00
M,419,Grealish,6.5,6.5,Everton,90,3.32,83,3.89,81,3.22,81,3.32,79,3.97,77,3.65,78,2.96,78,4.19,80,2.48,79,2.26,0.00
M,420,Gündoğan,6.3,6.3,Man City,0,0.00,0,0.00,0,0.00,0,0.00,0,0.00,0,0.00,0,0.00,0,0.00,0,0.00,0,0.00,0.00
M,421,Rodrigo,6.3,6.3,Man City,76,3.31,76,3.96,75,3.40,72,3.01,72,3.44,71,3.28,70,3.27,70,3.44,69,3.37,71,0.17,0.00
M,422,Kovačić,5.9,5.9,Man City,0,0.00,0,0.00,0,0.00,3,0.14,4,0.20,6,0.30,6,0.32,7,0.38,7,0.35,6,0.02,0.00
M,423,N.Gonzalez,5.9,5.9,Man City,31,1.25,33,1.56,33,1.36,32,1.22,34,1.54,33,1.42,32,1.34,33,1.47,34,1.50,32,0.07,0.00
M,424,Bobb,5.1,5.1,Man City,0,0.00,0,0.00,0,0.00,3,0.21,7,0.44,10,0.61,9,0.54,9,0.58,10,0.61,10,0.03,0.00
M,425,Echeverri,5.4,5.4,Man City,0,0.00,0,0.00,0,0.00,0,0.00,0,0.00,0,0.00,0,0.00,0,0.00,0,0.00,0,0.00,0.00
M,426,McAtee,5.0,5.0,Nott'm Forest,5,0.32,7,0.42,7,0.47,8,0.49,10,0.62,11,0.57,10,0.54,10,0.50,9,0.54,9,0.51,0.00
M,427,Reijnders,5.2,5.2,Man City,53,2.82,51,3.48,49,2.64,51,2.45,51,3.07,51,2.94,51,2.76,51,3.07,50,2.99,47,0.15,0.03
M,428,Nypan,5.0,5.0,Man City,0,0.00,0,0.00,0,0.00,0,0.00,0,0.00,0,0.00,0,0.00,0,0.00,0,0.00,0,0.00,0.00
M,429,Phillips,4.8,4.8,Man City,0,0.00,0,0.00,0,0.00,0,0.00,0,0.00,0,0.00,0,0.00,0,0.00,0,0.00,0,0.00,0.00
F,430,Haaland,15.1,14.6,Man City,89,6.16,82,7.97,81,5.55,80,5.05,78,6.39,78,6.05,77,5.37,76,6.31,74,6.13,73,0.30,0.99
G,431,Bayindir,4.7,4.7,Man Utd,2,0.05,3,0.08,3,0.12,4,0.17,5,0.20,5,0.20,6,0.25,7,0.21,7,0.24,7,0.23,0.00
G,432,Onana,4.9,4.9,Man Utd,0,0.00,0,0.00,0,0.00,0,0.00,0,0.00,0,0.00,0,0.00,0,0.00,0,0.00,0,0.00,0.00
G,433,Harrison,4.0,4.0,Man Utd,0,0.00,0,0.00,0,0.00,0,0.00,0,0.00,0,0.00,0,0.00,0,0.00,0,0.00,0,0.00,0.00
G,434,Heaton,3.9,3.9,Man Utd,0,0.00,0,0.00,0,0.00,0,0.00,0,0.00,0,0.00,0,0.00,0,0.00,0,0.00,0,0.00,0.00
G,435,Mee,3.9,3.9,Man Utd,0,0.00,0,0.00,0,0.00,0,0.00,0,0.00,0,0.00,0,0.00,0,0.00,0,0.00,0,0.00,0.00
D,436,De Ligt,4.9,4.9,Man Utd,21,0.67,59,1.60,77,3.42,76,3.34,74,3.03,74,3.13,73,3.27,72,2.31,72,2.76,71,2.64,0.00
D,437,Martinez,4.8,4.8,Man Utd,81,2.29,72,1.75,65,2.63,65,2.65,66,2.46,63,2.45,62,2.58,60,1.73,62,2.17,61,2.06,0.00
D,438,Mazraoui,4.9,4.9,Man Utd,0,0.00,34,0.98,37,1.76,39,1.83,35,1.57,38,1.66,40,1.92,39,1.32,39,1.64,39,1.54,0.00
D,439,D.Leon,4.2,4.2,Man Utd,0,0.00,0,0.00,0,0.00,0,0.00,0,0.00,0,0.00,0,0.00,0,0.00,0,0.00,0,0.00,0.00
D,440,Dalot,4.5,4.5,Man Utd,84,2.53,69,1.64,66,2.97,64,2.89,66,2.76,66,2.69,64,2.97,66,2.04,63,2.43,64,2.28,0.02
D,441,Dorgu,4.2,4.2,Man Utd,29,1.00,25,0.68,28,1.36,28,1.34,31,1.40,29,1.26,32,1.61,32,1.09,35,1.47,33,1.31,0.16
D,442,Maguire,4.3,4.3,Man Utd,20,0.68,15,0.42,10,0.43,12,0.52,12,0.47,13,0.53,14,0.60,15,0.50,16,0.61,16,0.59,0.00
D,443,Shaw,4.5,4.5,Man Utd,75,1.99,63,1.36,58,2.35,60,2.42,58,2.11,59,2.23,57,2.37,57,1.53,58,2.00,55,1.75,0.00
D,444,Yoro,4.2,4.2,Man Utd,19,0.63,13,0.37,10,0.41,11,0.46,12,0.46,13,0.51,14,0.58,16,0.52,14,0.53,16,0.57,0.00
D,445,Amass,4.0,4.0,Man Utd,0,0.00,0,0.00,0,0.00,0,0.00,0,0.00,0,0.00,0,0.00,0,0.00,0,0.00,0,0.00,0.00
D,446,Fredricson,3.8,3.8,Man Utd,0,0.00,0,0.00,0,0.00,0,0.00,0,0.00,0,0.00,0,0.00,0,0.00,0,0.00,0,0.00,0.00
D,447,Heaven,3.9,3.9,Man Utd,52,1.69,36,1.05,35,1.50,32,1.38,33,1.33,35,1.44,32,1.40,34,1.11,31,1.20,34,1.27,0.00
D,448,Malacia,3.8,3.8,Man Utd,1,0.04,0,0.00,0,0.00,0,0.00,0,0.00,0,0.00,1,0.05,0,0.00,1,0.04,2,0.06,0.00
M,449,B.Fernandes,9.1,9.1,Man Utd,89,4.97,87,3.89,85,6.00,85,5.91,83,5.82,83,5.18,81,5.87,81,4.64,80,5.30,82,5.26,0.01
M,450,Cunha,8.2,8.0,Man Utd,76,3.78,74,2.85,72,4.24,72,4.30,70,4.23,71,3.82,70,4.28,70,3.48,69,3.90,69,3.83,0.96
M,451,Rashford,7.0,7.0,Man Utd,0,0.00,0,0.00,0,0.00,0,0.00,0,0.00,0,0.00,0,0.00,0,0.00,0,0.00,0,0.00,0.00
M,452,Amad,6.2,6.2,Man Utd,59,2.63,57,2.16,56,3.05,57,3.12,56,3.00,55,2.69,55,3.08,54,2.49,58,2.92,57,2.85,0.00
M,453,Garnacho,6.4,6.4,Chelsea,36,2.21,40,2.24,40,2.77,41,2.53,42,2.71,41,3.00,39,1.68,40,2.10,39,2.28,40,1.51,0.00
M,454,Antony,5.9,5.9,Man Utd,0,0.00,0,0.00,0,0.00,0,0.00,0,0.00,0,0.00,0,0.00,0,0.00,0,0.00,0,0.00,0.00
M,455,Mount,5.9,5.9,Man Utd,36,1.68,44,1.68,44,2.29,44,2.29,46,2.37,46,2.18,44,2.37,43,1.94,46,2.26,45,2.21,0.00
M,456,Sancho,5.8,5.8,Aston Villa,45,2.41,45,2.09,43,2.31,37,1.95,34,1.94,33,1.86,32,1.85,33,1.77,0,0.00,33,2.07,0.00
M,457,Casemiro,5.5,5.5,Man Utd,73,3.11,70,2.60,67,3.28,66,3.20,66,3.16,66,3.03,66,3.19,64,2.73,64,2.89,63,2.87,0.00
M,458,Mainoo,4.6,4.6,Man Utd,38,1.45,38,1.33,41,1.68,39,1.58,40,1.62,39,1.51,41,1.71,42,1.53,41,1.64,39,1.52,0.00
M,459,Ugarte,4.7,4.7,Man Utd,28,1.06,29,1.05,31,1.25,32,1.31,32,1.32,33,1.33,32,1.33,34,1.29,34,1.31,34,1.33,0.00
M,460,Collyer,4.5,4.5,Man Utd,0,0.00,0,0.00,0,0.00,0,0.00,0,0.00,0,0.00,0,0.00,0,0.00,0,0.00,0,0.00,0.00
M,461,Fitzgerald,4.3,4.3,Man Utd,0,0.00,0,0.00,0,0.00,0,0.00,0,0.00,0,0.00,0,0.00,0,0.00,0,0.00,0,0.00,0.00
M,462,J.Fletcher,4.3,4.3,Man Utd,0,0.00,0,0.00,1,0.09,1,0.11,2,0.13,2,0.18,2,0.17,2,0.17,2,0.18,2,0.16,0.00
M,463,Kone,4.3,4.3,Man Utd,0,0.00,0,0.00,0,0.00,1,0.08,0,0.00,2,0.12,2,0.13,2,0.12,2,0.15,2,0.16,0.00
M,464,Moorhouse,4.5,4.5,Man Utd,0,0.00,0,0.00,0,0.00,0,0.00,0,0.00,0,0.00,0,0.00,0,0.00,0,0.00,0,0.00,0.00
F,465,Højlund,6.3,6.3,Man Utd,0,0.00,0,0.00,0,0.00,0,0.00,0,0.00,0,0.00,0,0.00,0,0.00,0,0.00,0,0.00,0.00
F,466,Zirkzee,5.8,5.8,Man Utd,15,0.82,15,0.72,18,1.12,19,1.15,21,1.29,20,1.09,22,1.30,21,1.10,20,1.17,23,1.27,0.00
F,467,Obi,4.2,4.2,Man Utd,0,0.00,0,0.00,1,0.10,2,0.19,2,0.16,2,0.16,2,0.21,2,0.16,2,0.20,2,0.17,0.06
F,468,Wheatley,4.5,4.5,Man Utd,0,0.00,0,0.00,0,0.00,0,0.00,0,0.00,0,0.00,0,0.00,0,0.00,0,0.00,0,0.00,0.00
G,469,Pope,5.1,5.1,Newcastle,93,3.60,91,3.31,90,2.89,90,3.44,88,3.20,88,2.67,86,3.54,89,3.24,87,2.82,87,3.47,0.01
G,470,Dúbravka,4.0,4.0,Burnley,93,2.59,93,3.23,93,3.32,91,3.38,91,2.95,91,2.61,90,3.12,90,3.08,90,3.09,91,2.92,0.93
G,471,Gillespie,3.9,3.9,Newcastle,0,0.00,0,0.00,0,0.00,0,0.00,0,0.00,0,0.00,0,0.00,0,0.00,0,0.00,0,0.00,0.00
G,472,Odysseas,4.0,4.0,Newcastle,0,0.00,0,0.00,0,0.00,0,0.00,0,0.00,0,0.00,0,0.00,0,0.00,0,0.00,0,0.00,0.00
D,473,Hall,5.3,5.3,Newcastle,89,4.55,83,3.80,78,2.71,76,3.90,75,3.34,75,2.16,73,4.01,72,3.32,75,2.64,73,4.03,0.30
D,474,Schär,5.3,5.3,Newcastle,0,0.00,0,0.00,0,0.00,0,0.00,0,0.00,0,0.00,0,0.00,0,0.00,0,0.00,0,0.00,0.00
D,475,Botman,4.9,4.9,Newcastle,90,4.28,76,3.31,70,2.43,62,2.91,62,2.74,63,1.89,62,3.30,63,2.69,62,2.22,63,3.17,0.00
D,476,Burn,5.0,5.0,Newcastle,0,0.00,25,1.05,50,1.69,62,2.86,59,2.51,62,1.83,63,3.18,65,2.73,65,2.28,65,3.24,0.00
D,477,Livramento,4.9,4.9,Newcastle,0,0.00,0,0.00,0,0.00,0,0.00,0,0.00,0,0.00,0,0.00,0,0.00,29,0.87,61,2.80,0.00
D,478,Trippier,4.9,4.9,Newcastle,17,0.81,21,0.94,24,0.84,23,1.12,25,1.10,26,0.82,27,1.42,28,1.30,18,0.69,12,0.61,0.00
D,479,Krafth,4.3,4.3,Newcastle,0,0.00,7,0.27,9,0.31,11,0.45,13,0.47,13,0.39,16,0.66,15,0.54,12,0.41,10,0.42,0.00
D,480,Lascelles,4.3,4.3,Newcastle,2,0.07,5,0.15,2,0.06,2,0.05,2,0.06,2,0.04,2,0.08,3,0.08,3,0.06,3,0.08,0.00
D,481,A.Murphy,3.8,3.8,Newcastle,5,0.22,3,0.12,0,0.00,0,0.00,0,0.00,0,0.00,0,0.00,1,0.04,1,0.04,0,0.00,0.00
D,482,Ashby,3.9,3.9,Newcastle,0,0.00,0,0.00,0,0.00,0,0.00,0,0.00,0,0.00,0,0.00,0,0.00,0,0.00,0,0.00,0.00
D,483,Pivas,3.8,3.8,Newcastle,0,0.00,0,0.00,0,0.00,0,0.00,0,0.00,0,0.00,0,0.00,0,0.00,0,0.00,0,0.00,0.00
D,484,Targett,4.0,4.0,Newcastle,0,0.00,0,0.00,0,0.00,0,0.00,0,0.00,0,0.00,0,0.00,0,0.00,0,0.00,0,0.00,0.00
M,485,Gordon,7.5,7.5,Newcastle,76,4.99,74,4.42,73,3.60,71,4.57,73,4.05,70,3.28,70,4.63,70,4.47,70,3.64,68,4.56,0.19
M,486,Elanga,6.5,6.5,Newcastle,22,1.42,21,1.31,23,1.29,20,1.34,23,1.34,22,1.16,23,1.48,24,1.51,24,1.34,24,1.56,0.00
M,487,Barnes,6.1,6.1,Newcastle,55,3.41,53,3.03,54,2.65,53,3.27,51,2.74,52,2.38,53,3.27,53,3.13,51,2.60,51,3.08,0.00
M,488,Bruno G.,7.2,7.2,Newcastle,89,4.31,88,3.96,86,3.46,83,4.02,83,3.65,83,3.15,82,4.00,80,3.82,82,3.39,79,3.81,0.01
M,489,J.Murphy,6.0,6.0,Newcastle,26,1.56,33,1.82,33,1.63,35,2.06,34,1.81,38,1.71,35,2.06,35,1.99,33,1.68,34,2.04,0.00
M,490,Joelinton,5.9,5.9,Newcastle,71,3.53,70,3.29,69,2.86,68,3.35,66,2.95,66,2.61,66,3.33,65,3.20,62,2.67,58,2.89,0.00
M,491,Tonali,5.3,5.3,Newcastle,74,3.35,71,3.06,70,2.66,69,3.21,69,2.87,67,2.45,67,3.10,66,2.97,62,2.43,60,2.84,0.00
M,492,Antoñito C.,4.9,4.9,Newcastle,0,0.00,0,0.00,0,0.00,0,0.00,0,0.00,0,0.00,0,0.00,0,0.00,0,0.00,0,0.00,0.00
M,493,Longstaff,4.8,4.8,Leeds,43,1.87,46,1.85,49,1.74,49,2.12,49,1.83,50,1.85,49,1.82,50,2.27,51,2.03,50,2.11,0.00
M,494,Willock,5.0,5.0,Newcastle,12,0.64,12,0.63,13,0.62,15,0.84,14,0.74,17,0.80,17,0.93,16,0.88,15,0.75,14,0.76,0.00
M,495,Hayden,4.5,4.5,Newcastle,0,0.00,0,0.00,0,0.00,0,0.00,0,0.00,0,0.00,0,0.00,0,0.00,0,0.00,0,0.00,0.00
M,496,Kuol,4.4,4.4,Newcastle,0,0.00,0,0.00,0,0.00,0,0.00,0,0.00,0,0.00,0,0.00,0,0.00,0,0.00,0,0.00,0.00
M,497,L.Miley,4.5,4.5,Newcastle,82,3.14,78,2.88,76,2.63,74,2.88,75,2.76,72,2.40,72,2.79,71,2.75,65,2.35,58,2.30,0.02
M,498,White,4.5,4.5,Newcastle,0,0.00,0,0.00,0,0.00,0,0.00,0,0.00,0,0.00,0,0.00,0,0.00,0,0.00,0,0.00,0.00
F,499,Isak,10.3,10.3,Liverpool,0,0.00,0,0.00,0,0.00,0,0.00,0,0.00,0,0.00,0,0.00,0,0.00,0,0.00,0,0.00,0.00
F,500,Osula,5.4,5.4,Newcastle,0,0.00,0,0.00,1,0.09,3,0.24,3,0.27,4,0.26,4,0.36,4,0.33,4,0.31,3,0.29,0.00
F,501,Neave,4.3,4.3,Newcastle,0,0.00,0,0.00,0,0.00,0,0.00,0,0.00,0,0.00,0,0.00,0,0.00,0,0.00,0,0.00,0.00
G,502,Sels,4.6,4.6,Nott'm Forest,85,2.67,73,2.50,75,2.89,73,2.59,71,3.00,71,2.34,71,2.31,68,2.03,70,2.69,67,2.34,0.00
G,503,C.Miguel,4.0,4.0,Nott'm Forest,0,0.00,0,0.00,0,0.00,0,0.00,0,0.00,0,0.00,0,0.00,0,0.00,0,0.00,0,0.00,0.00
G,504,Turner,4.0,4.0,Nott'm Forest,0,0.00,0,0.00,0,0.00,0,0.00,0,0.00,0,0.00,0,0.00,0,0.00,0,0.00,0,0.00,0.00
D,505,Milenković,5.1,5.1,Nott'm Forest,90,2.66,87,2.94,84,3.47,83,3.03,83,3.82,83,2.65,83,2.53,81,1.95,81,3.26,81,2.85,0.00
D,506,Murillo,5.2,5.2,Nott'm Forest,90,2.94,86,3.18,84,3.78,82,3.18,81,4.03,81,2.89,81,2.76,78,2.06,79,3.48,79,3.06,0.00
D,507,Aina,4.7,4.7,Nott'm Forest,85,2.22,79,2.54,78,3.28,77,2.64,75,3.57,73,2.30,73,2.14,74,1.48,74,2.94,72,2.40,0.00
D,508,N.Williams,4.7,4.7,Nott'm Forest,90,2.54,84,2.87,83,3.65,81,2.95,78,3.81,79,2.60,79,2.46,77,1.65,77,3.26,76,2.69,0.00
D,509,David Carmo,4.5,4.5,Nott'm Forest,0,0.00,0,0.00,0,0.00,0,0.00,0,0.00,0,0.00,0,0.00,0,0.00,0,0.00,0,0.00,0.00
D,510,Jair Cunha,4.2,4.2,Nott'm Forest,1,0.03,2,0.05,4,0.12,5,0.13,5,0.16,5,0.12,5,0.11,7,0.13,6,0.19,6,0.18,0.00
D,511,Morato,4.3,4.3,Nott'm Forest,10,0.24,15,0.45,18,0.67,20,0.70,22,0.94,22,0.70,23,0.71,25,0.59,25,1.00,24,0.84,0.00
D,512,O.Richards,4.5,4.5,Nott'm Forest,0,0.00,0,0.00,0,0.00,0,0.00,0,0.00,0,0.00,0,0.00,0,0.00,0,0.00,0,0.00,0.00
D,513,Abbott,3.8,3.8,Nott'm Forest,0,0.00,0,0.00,0,0.00,0,0.00,0,0.00,2,0.04,2,0.04,1,0.02,2,0.05,1,0.04,0.00
D,514,Boly,3.8,3.8,Nott'm Forest,0,0.00,0,0.00,0,0.00,0,0.00,0,0.00,0,0.00,0,0.00,0,0.00,0,0.00,0,0.00,0.00
M,515,Gibbs-White,7.3,7.3,Nott'm Forest,85,3.26,83,3.81,79,4.32,78,3.70,77,4.71,78,3.71,76,3.51,75,2.90,76,3.98,76,3.38,0.00
M,516,Hudson-Odoi,5.7,5.7,Nott'm Forest,72,2.72,67,2.98,66,3.30,65,2.86,64,3.52,65,2.94,62,2.74,61,2.35,61,2.96,61,2.68,0.00
M,517,Anderson,5.3,5.3,Nott'm Forest,89,3.60,88,4.03,84,4.25,83,3.82,82,4.49,82,3.70,81,3.57,81,3.28,80,3.90,80,3.62,0.27
M,518,Jota,5.4,5.4,Nott'm Forest,0,0.00,0,0.00,0,0.00,0,0.00,0,0.00,0,0.00,0,0.00,0,0.00,0,0.00,0,0.00,0.00
M,519,Dominguez,5.0,5.0,Nott'm Forest,30,1.16,31,1.29,29,1.32,29,1.23,32,1.56,31,1.31,31,1.32,31,1.20,32,1.43,30,1.26,0.00
M,520,O'Brien,5.0,5.0,Nott'm Forest,0,0.00,0,0.00,0,0.00,0,0.00,0,0.00,0,0.00,0,0.00,0,0.00,0,0.00,0,0.00,0.00
M,521,Sangaré,4.9,4.9,Nott'm Forest,70,2.41,67,2.57,66,2.64,64,2.47,63,2.66,62,2.33,61,2.26,62,2.15,60,2.38,62,2.39,0.00
M,522,Yates,4.7,4.7,Nott'm Forest,0,0.00,7,0.30,18,0.76,21,0.84,21,0.94,22,0.89,24,0.97,23,0.87,23,0.95,22,0.90,0.00
M,523,Da Silva Moreira,4.5,4.5,Nott'm Forest,0,0.00,0,0.00,0,0.00,0,0.00,0,0.00,0,0.00,0,0.00,0,0.00,0,0.00,0,0.00,0.00
M,524,Stamenic,4.5,4.5,Nott'm Forest,0,0.00,0,0.00,0,0.00,0,0.00,0,0.00,0,0.00,0,0.00,0,0.00,0,0.00,0,0.00,0.00
F,525,Wood,7.2,7.2,Nott'm Forest,0,0.00,0,0.00,0,0.00,0,0.00,0,0.00,0,0.00,5,0.34,16,0.84,38,2.35,37,2.06,0.00
F,526,Igor Jesus,5.8,5.8,Nott'm Forest,77,3.11,74,3.48,74,3.95,73,3.49,71,4.38,70,3.42,69,3.28,65,2.74,54,3.00,55,2.65,0.01
F,527,Awoniyi,5.2,5.2,Nott'm Forest,12,0.62,14,0.76,15,0.93,16,0.89,17,1.20,17,1.02,15,0.89,12,0.61,5,0.39,6,0.42,0.00
G,528,Patterson,4.2,4.2,Sunderland,0,0.00,2,0.07,3,0.15,3,0.10,4,0.12,3,0.11,3,0.11,4,0.14,3,0.12,4,0.12,0.00
G,529,Moore,3.9,3.9,Sunderland,0,0.00,0,0.00,0,0.00,0,0.00,0,0.00,0,0.00,0,0.00,0,0.00,0,0.00,0,0.00,0.00
G,530,Nna Noukeu,3.9,3.9,Sunderland,0,0.00,0,0.00,0,0.00,0,0.00,0,0.00,0,0.00,0,0.00,0,0.00,0,0.00,0,0.00,0.00
D,531,Ballard,4.6,4.6,Sunderland,57,2.49,55,2.28,57,2.97,56,1.50,55,1.97,57,2.53,57,2.08,57,2.29,57,2.24,58,1.79,0.00
D,532,Hume,4.5,4.5,Sunderland,59,2.53,56,2.18,57,2.95,58,1.34,58,1.91,56,2.31,57,1.91,55,2.02,58,2.19,56,1.54,0.00
D,533,Alese,4.0,4.0,Sunderland,0,0.00,0,0.00,0,0.00,0,0.00,1,0.03,0,0.00,0,0.00,0,0.00,0,0.00,1,0.03,0.00
D,534,Anderson,3.8,3.8,Sunderland,0,0.00,0,0.00,0,0.00,0,0.00,0,0.00,0,0.00,0,0.00,0,0.00,0,0.00,0,0.00,0.00
D,535,Cirkin,4.0,4.0,Sunderland,2,0.08,2,0.07,3,0.14,3,0.08,3,0.10,5,0.17,3,0.11,5,0.15,5,0.16,4,0.10,0.00
D,536,Hjelde,4.0,4.0,Sunderland,0,0.00,0,0.00,0,0.00,0,0.00,0,0.00,0,0.00,1,0.05,0,0.00,1,0.07,2,0.08,0.00
D,537,Huggins,4.0,4.0,Sunderland,0,0.00,0,0.00,0,0.00,0,0.00,0,0.00,0,0.00,0,0.00,0,0.00,0,0.00,0,0.00,0.00
D,538,Johnson,3.8,3.8,Sunderland,0,0.00,0,0.00,0,0.00,0,0.00,0,0.00,0,0.00,0,0.00,0,0.00,0,0.00,0,0.00,0.00
D,539,O'Nien,4.0,4.0,Sunderland,3,0.14,4,0.15,5,0.22,6,0.16,7,0.21,9,0.32,7,0.21,8,0.27,9,0.30,9,0.24,0.00
D,540,Pembele,3.9,3.9,Sunderland,0,0.00,0,0.00,0,0.00,0,0.00,0,0.00,0,0.00,0,0.00,0,0.00,0,0.00,0,0.00,0.00
D,541,Reinildo,3.8,3.8,Sunderland,88,3.60,87,3.27,85,4.24,86,1.85,84,2.62,83,3.31,84,2.63,82,2.91,83,2.94,83,2.14,0.00
D,542,Seelt,4.0,4.0,Sunderland,0,0.00,0,0.00,0,0.00,0,0.00,0,0.00,0,0.00,0,0.00,0,0.00,0,0.00,0,0.00,0.00
M,543,Adingra,4.9,4.9,Sunderland,45,2.12,30,1.48,32,1.72,31,1.20,31,1.42,32,1.53,34,1.53,32,1.44,32,1.53,34,1.38,0.00
M,544,Diarra,5.3,5.3,Sunderland,0,0.00,73,2.81,70,3.09,69,2.10,71,2.54,70,2.75,69,2.56,69,2.52,69,2.68,68,2.24,0.00
M,545,Roberts,5.4,5.4,Sunderland,0,0.00,0,0.00,0,0.00,0,0.00,0,0.00,0,0.00,0,0.00,0,0.00,0,0.00,0,0.00,0.00
M,546,Aleksić,4.9,4.9,Sunderland,0,0.00,0,0.00,0,0.00,0,0.00,0,0.00,0,0.00,0,0.00,0,0.00,0,0.00,0,0.00,0.00
M,547,E.Le Fée,4.9,4.9,Sunderland,82,4.02,77,3.64,76,4.26,75,2.65,72,3.16,72,3.52,71,3.24,71,3.19,71,3.36,70,2.76,0.13
M,548,Mundle,4.9,4.9,Sunderland,10,0.58,4,0.31,6,0.41,5,0.30,6,0.37,7,0.43,7,0.43,7,0.42,8,0.50,8,0.42,0.00
M,549,Neil,4.8,4.8,Sunderland,9,0.33,3,0.10,3,0.12,4,0.12,5,0.18,5,0.19,5,0.18,5,0.18,5,0.18,5,0.17,0.00
M,550,Poveda,4.8,4.8,Sunderland,0,0.00,0,0.00,0,0.00,0,0.00,0,0.00,0,0.00,0,0.00,0,0.00,0,0.00,0,0.00,0.00
M,551,Rigg,4.7,4.7,Sunderland,29,1.35,17,0.83,17,0.88,18,0.71,18,0.82,20,0.96,21,0.98,21,0.94,19,0.94,20,0.81,0.00
M,552,Sadiki,4.9,4.9,Sunderland,87,2.79,72,2.31,72,2.55,70,1.90,69,2.09,68,2.19,72,2.22,71,2.17,70,2.20,69,1.90,0.00
M,553,Talbi,4.9,4.9,Sunderland,0,0.00,38,1.77,38,1.97,38,1.37,39,1.67,39,1.83,36,1.59,39,1.64,37,1.73,38,1.44,0.00
M,554,Ba,4.3,4.3,Sunderland,0,0.00,0,0.00,0,0.00,0,0.00,0,0.00,0,0.00,0,0.00,0,0.00,0,0.00,0,0.00,0.00
M,555,Browne,4.5,4.5,Sunderland,0,0.00,0,0.00,0,0.00,0,0.00,0,0.00,0,0.00,0,0.00,0,0.00,0,0.00,0,0.00,0.00
M,556,Ekwah,4.5,4.5,Sunderland,0,0.00,0,0.00,0,0.00,0,0.00,0,0.00,0,0.00,0,0.00,0,0.00,0,0.00,0,0.00,0.00
M,557,H.Jones,4.3,4.3,Sunderland,0,0.00,0,0.00,0,0.00,0,0.00,0,0.00,0,0.00,0,0.00,0,0.00,0,0.00,0,0.00,0.00
M,558,Matete,4.3,4.3,Sunderland,0,0.00,0,0.00,0,0.00,0,0.00,0,0.00,0,0.00,0,0.00,0,0.00,0,0.00,0,0.00,0.00
M,559,Triantis,4.4,4.4,Sunderland,0,0.00,0,0.00,0,0.00,0,0.00,0,0.00,0,0.00,0,0.00,0,0.00,0,0.00,0,0.00,0.00
F,560,Isidor,5.2,5.2,Sunderland,32,1.74,26,1.43,27,1.65,29,1.20,29,1.51,29,1.56,29,1.47,28,1.40,30,1.67,30,1.36,0.00
F,561,Mayenda,5.2,5.2,Sunderland,23,1.29,14,0.77,16,0.97,18,0.81,17,0.93,19,1.07,18,0.97,20,1.03,22,1.21,20,0.94,0.00
F,562,Abdullahi,4.3,4.3,Sunderland,0,0.00,0,0.00,0,0.00,0,0.00,0,0.00,0,0.00,0,0.00,0,0.00,0,0.00,0,0.00,0.00
F,563,Luís Hemir,4.4,4.4,Sunderland,0,0.00,0,0.00,0,0.00,0,0.00,0,0.00,0,0.00,0,0.00,0,0.00,0,0.00,0,0.00,0.00
F,564,Rusyn,4.4,4.4,Sunderland,0,0.00,0,0.00,0,0.00,0,0.00,0,0.00,0,0.00,0,0.00,0,0.00,0,0.00,0,0.00,0.00
G,565,Vicario,4.8,4.8,Spurs,94,3.72,93,3.73,91,2.91,91,3.00,91,3.19,91,2.95,89,3.23,90,3.48,90,2.81,90,3.43,0.00
G,566,Austin,3.9,3.9,Spurs,0,0.00,0,0.00,0,0.00,0,0.00,0,0.00,0,0.00,0,0.00,0,0.00,0,0.00,0,0.00,0.00
G,567,Kinsky,3.9,3.9,Spurs,1,0.06,2,0.10,4,0.13,3,0.11,4,0.16,3,0.11,6,0.20,5,0.21,5,0.15,5,0.20,0.00
D,568,Pedro Porro,5.2,5.2,Spurs,85,4.64,81,4.44,81,2.67,80,2.84,76,3.15,74,2.39,77,3.27,74,3.83,74,2.34,74,3.65,0.03
D,569,Romero,5.0,5.0,Spurs,90,4.51,89,4.63,84,2.81,82,2.88,77,3.08,73,2.49,73,3.04,71,3.41,67,2.21,67,3.18,0.00
D,570,Danso,4.2,4.2,Spurs,10,0.42,14,0.64,18,0.65,19,0.71,22,0.90,26,0.94,30,1.24,29,1.42,31,1.09,31,1.43,0.00
D,571,Davies,4.3,4.3,Spurs,2,0.06,3,0.10,4,0.09,5,0.11,6,0.16,6,0.15,6,0.18,9,0.30,7,0.17,8,0.26,0.00
D,572,Dragusin,4.5,4.5,Spurs,0,0.00,2,0.07,4,0.10,5,0.13,7,0.21,9,0.23,8,0.23,10,0.35,12,0.34,11,0.40,0.00
D,573,Spence,4.3,4.3,Spurs,33,1.48,35,1.60,35,1.04,36,1.12,39,1.40,41,1.19,39,1.43,42,1.80,44,1.22,41,1.74,0.00
D,574,Udogie,4.3,4.3,Spurs,68,3.26,67,3.22,67,1.99,66,2.04,65,2.43,65,1.93,64,2.38,61,2.78,61,1.75,63,2.75,0.00
D,575,Van de Ven,4.6,4.6,Spurs,91,4.02,88,4.09,85,2.44,86,2.66,84,2.96,82,2.43,82,3.06,80,3.46,80,2.33,81,3.48,0.00
D,576,Phillips,4.0,4.0,Spurs,0,0.00,0,0.00,0,0.00,0,0.00,0,0.00,0,0.00,0,0.00,0,0.00,0,0.00,0,0.00,0.00
D,577,Takai,4.0,4.0,Spurs,0,0.00,0,0.00,0,0.00,0,0.00,0,0.00,0,0.00,0,0.00,0,0.00,0,0.00,0,0.00,0.00
D,578,Vuskovic,3.9,3.9,Spurs,0,0.00,0,0.00,0,0.00,0,0.00,0,0.00,0,0.00,0,0.00,0,0.00,0,0.00,0,0.00,0.00
M,579,Son,8.5,8.5,Spurs,0,0.00,0,0.00,0,0.00,0,0.00,0,0.00,0,0.00,0,0.00,0,0.00,0,0.00,0,0.00,0.00
M,580,Johnson,6.5,6.5,Crystal Palace,81,3.92,51,2.50,50,2.41,51,2.41,52,3.28,50,3.03,50,2.30,51,2.42,50,2.69,51,0.10,0.00
M,581,Maddison,6.8,6.8,Spurs,0,0.00,0,0.00,0,0.00,0,0.00,0,0.00,0,0.00,0,0.00,0,0.00,0,0.00,0,0.00,0.00
M,582,Kudus,6.4,6.4,Spurs,0,0.00,0,0.00,0,0.00,0,0.00,0,0.00,0,0.00,0,0.00,0,0.00,0,0.00,0,0.00,0.01
M,583,Kulusevski,6.4,6.4,Spurs,0,0.00,0,0.00,0,0.00,0,0.00,0,0.00,28,1.09,58,2.51,67,3.21,65,2.54,68,3.17,0.00
M,584,Tel,6.2,6.2,Spurs,75,4.44,63,3.42,49,2.23,41,1.98,43,2.20,39,1.68,34,1.67,29,1.68,32,1.47,32,1.78,0.00
M,585,Bentancur,5.3,5.3,Spurs,0,0.00,0,0.00,0,0.00,0,0.00,0,0.00,0,0.00,0,0.00,0,0.00,0,0.00,0,0.00,0.00
M,586,Bergvall,5.3,5.3,Spurs,52,2.43,54,2.39,52,2.03,50,1.99,51,2.18,50,1.82,45,1.82,44,1.95,47,1.79,44,1.95,0.00
M,587,Bissouma,5.2,5.2,Spurs,47,1.92,25,1.05,26,0.98,25,0.97,26,1.03,25,0.91,25,0.98,26,1.07,24,0.92,26,1.05,0.00
M,588,Odobert,5.3,5.3,Spurs,66,3.46,55,2.74,51,2.15,46,2.04,44,2.10,41,1.71,37,1.71,36,1.85,35,1.55,33,1.67,0.00
M,589,Solomon,5.4,5.4,Spurs,0,0.00,0,0.00,0,0.00,0,0.00,0,0.00,0,0.00,0,0.00,0,0.00,0,0.00,0,0.00,0.00
M,590,Bryan,4.9,4.9,Spurs,0,0.00,0,0.00,0,0.00,0,0.00,0,0.00,0,0.00,0,0.00,0,0.00,0,0.00,0,0.00,0.00
M,591,Gray,4.8,4.8,Spurs,68,2.49,57,2.03,56,1.78,57,1.87,56,1.87,55,1.73,55,1.86,54,1.89,54,1.71,54,1.90,0.00
M,592,Moore,5.0,5.0,Spurs,0,0.00,0,0.00,0,0.00,0,0.00,0,0.00,0,0.00,0,0.00,0,0.00,0,0.00,0,0.00,0.00
M,593,P.M.Sarr,4.5,4.5,Spurs,0,0.00,58,2.60,57,2.17,52,2.05,56,2.31,51,1.85,50,2.02,49,2.15,50,1.86,53,2.28,0.00
M,594,Min-hyeok,4.5,4.5,Spurs,0,0.00,0,0.00,0,0.00,0,0.00,0,0.00,0,0.00,0,0.00,0,0.00,0,0.00,0,0.00,0.00
M,595,Olusesi,4.3,4.3,Spurs,0,0.00,0,0.00,0,0.00,0,0.00,0,0.00,0,0.00,0,0.00,0,0.00,0,0.00,0,0.00,0.00
F,596,Solanke,7.2,7.2,Spurs,32,2.08,43,2.50,50,2.42,59,2.79,58,3.04,57,2.38,55,2.69,52,3.00,52,2.36,53,2.96,0.00
F,597,Richarlison,6.4,6.4,Spurs,0,0.00,10,0.59,42,1.82,57,2.58,57,2.76,53,2.12,48,2.28,50,2.73,50,2.19,49,2.59,0.00
F,598,Lankshear,4.5,4.5,Spurs,0,0.00,0,0.00,0,0.00,0,0.00,0,0.00,0,0.00,0,0.00,0,0.00,0,0.00,0,0.00,0.00
F,599,Scarlett,4.3,4.3,Spurs,7,0.53,6,0.43,4,0.25,2,0.18,3,0.23,2,0.16,2,0.14,2,0.14,2,0.12,2,0.14,0.00
G,600,Areola,4.3,4.3,West Ham,93,2.96,92,3.54,91,2.69,90,3.38,92,3.01,90,3.09,89,2.59,88,2.93,88,2.60,89,2.68,0.00
G,601,Foderingham,4.0,4.0,West Ham,0,0.00,0,0.00,0,0.00,0,0.00,0,0.00,0,0.00,0,0.00,0,0.00,0,0.00,0,0.00,0.00
G,602,Hegyi,3.9,3.9,West Ham,0,0.00,0,0.00,0,0.00,0,0.00,0,0.00,0,0.00,0,0.00,0,0.00,0,0.00,0,0.00,0.00
D,603,Diouf,4.0,4.0,West Ham,0,0.00,83,3.54,81,1.86,79,3.18,78,2.39,77,2.64,77,1.75,77,2.35,76,1.72,76,1.88,0.00
D,604,Emerson,4.4,4.4,West Ham,0,0.00,0,0.00,0,0.00,0,0.00,0,0.00,0,0.00,0,0.00,0,0.00,0,0.00,0,0.00,0.00
D,605,Kilman,4.2,4.2,West Ham,90,3.01,87,3.78,83,2.22,79,3.35,77,2.48,75,2.67,76,2.04,77,2.58,77,1.97,74,2.10,0.00
D,606,Mavropanos,4.4,4.4,West Ham,0,0.00,0,0.00,13,0.39,30,1.45,35,1.31,35,1.42,37,1.11,36,1.35,35,1.03,37,1.19,0.00
D,607,N.Aguerd,4.4,4.4,West Ham,0,0.00,0,0.00,0,0.00,0,0.00,0,0.00,0,0.00,0,0.00,0,0.00,0,0.00,0,0.00,0.00
D,608,Scarles,4.3,4.3,West Ham,57,2.04,15,0.62,16,0.49,15,0.63,17,0.63,18,0.74,19,0.59,19,0.72,20,0.65,21,0.70,0.00
D,609,Todibo,4.3,4.3,West Ham,90,2.90,86,3.69,82,2.10,77,3.29,77,2.47,77,2.68,75,1.94,78,2.58,77,1.89,76,2.11,0.00
D,610,Wan-Bissaka,4.1,4.1,West Ham,90,2.74,84,3.55,81,1.96,81,3.36,80,2.50,78,2.71,74,1.76,76,2.39,76,1.81,76,2.00,0.00
D,611,Casey,4.0,4.0,West Ham,0,0.00,0,0.00,0,0.00,0,0.00,0,0.00,0,0.00,0,0.00,0,0.00,0,0.00,0,0.00,0.00
M,612,L.Paquetá,5.9,5.9,West Ham,84,3.81,81,4.46,80,3.42,78,4.17,77,3.88,75,4.04,74,3.08,74,3.47,74,3.21,73,3.10,0.05
M,613,Souček,5.7,5.7,West Ham,28,1.27,29,1.45,31,1.32,33,1.61,34,1.59,34,1.65,35,1.43,35,1.51,35,1.46,36,1.45,0.00
M,614,Ward-Prowse,5.6,5.6,West Ham,0,0.00,0,0.00,0,0.00,0,0.00,0,0.00,0,0.00,0,0.00,0,0.00,0,0.00,0,0.00,0.00
M,615,Summerville,5.5,5.5,West Ham,47,2.14,45,2.38,46,1.98,46,2.36,47,2.29,47,2.43,45,1.91,44,2.00,46,2.04,46,1.99,0.00
M,616,Álvarez,4.9,4.9,West Ham,0,0.00,0,0.00,0,0.00,0,0.00,0,0.00,0,0.00,0,0.00,0,0.00,0,0.00,0,0.00,0.00
M,617,Cornet,4.9,4.9,West Ham,0,0.00,0,0.00,0,0.00,0,0.00,0,0.00,0,0.00,0,0.00,0,0.00,0,0.00,0,0.00,0.00
M,618,G.Rodriguez,4.8,4.8,West Ham,6,0.34,10,0.43,11,0.43,11,0.45,12,0.47,12,0.48,12,0.47,13,0.48,13,0.51,13,0.47,0.00
M,619,L.Guilherme,4.9,4.9,West Ham,0,0.00,0,0.00,0,0.00,0,0.00,0,0.00,0,0.00,0,0.00,0,0.00,0,0.00,0,0.00,0.00
M,620,Earthy,4.5,4.5,West Ham,0,0.00,0,0.00,0,0.00,0,0.00,0,0.00,0,0.00,0,0.00,0,0.00,0,0.00,0,0.00,0.00
M,621,Irving,4.3,4.3,West Ham,4,0.26,5,0.32,6,0.33,6,0.36,6,0.36,8,0.41,8,0.38,8,0.41,9,0.41,8,0.38,0.00
M,622,Orford,4.4,4.4,West Ham,0,0.00,0,0.00,0,0.00,0,0.00,0,0.00,0,0.00,0,0.00,0,0.00,0,0.00,0,0.00,0.00
M,623,Potts,4.4,4.4,West Ham,63,2.15,65,2.45,60,1.95,59,2.21,59,2.10,58,2.16,59,1.87,59,2.01,58,1.89,61,1.93,0.03
F,624,Bowen,7.7,7.7,West Ham,89,3.94,86,4.61,83,3.43,81,4.23,80,3.99,81,4.35,80,3.22,82,3.62,81,3.48,81,3.36,0.03
F,625,Füllkrug,5.6,5.6,West Ham,0,0.00,0,0.00,0,0.00,0,0.00,0,0.00,0,0.00,0,0.00,0,0.00,0,0.00,0,0.00,0.00
F,626,Marshall,4.3,4.3,West Ham,0,0.00,0,0.00,0,0.00,0,0.00,0,0.00,0,0.00,0,0.00,0,0.00,0,0.00,0,0.00,0.04
G,627,Johnstone,4.4,4.4,Wolves,2,0.08,5,0.13,5,0.17,7,0.21,7,0.26,7,0.24,8,0.24,8,0.25,10,0.33,8,0.07,0.00
G,628,José Sá,4.2,4.2,Wolves,93,2.83,90,2.51,90,2.99,88,2.71,88,3.15,88,2.81,87,2.76,87,2.62,84,2.61,86,0.77,0.00
G,629,Bentley,3.9,3.9,Wolves,0,0.00,0,0.00,0,0.00,0,0.00,0,0.00,0,0.00,0,0.00,0,0.00,0,0.00,0,0.00,0.00
G,630,King,3.9,3.9,Everton,0,0.00,0,0.00,0,0.00,0,0.00,0,0.00,0,0.00,0,0.00,0,0.00,0,0.00,0,0.00,0.00
D,631,Agbadou,4.2,4.2,Wolves,79,2.74,75,1.81,72,2.85,71,2.39,69,2.89,69,2.65,69,2.50,71,2.36,69,2.48,69,0.63,0.00
D,632,Doherty,4.4,4.4,Wolves,15,0.55,17,0.44,18,0.74,20,0.74,22,0.90,22,0.83,23,0.85,23,0.79,22,0.79,24,0.22,0.00
D,633,H.Bueno,4.3,4.3,Wolves,78,2.45,74,1.35,74,2.75,72,2.20,72,2.59,71,2.39,71,2.37,66,2.02,68,2.11,68,0.51,0.00
D,634,Mosquera,4.3,4.3,Wolves,50,1.64,46,1.05,41,1.50,45,1.44,43,1.71,44,1.57,45,1.54,42,1.35,43,1.45,44,0.38,0.00
D,635,R.Gomes,4.4,4.4,Wolves,3,0.20,3,0.16,3,0.21,4,0.25,5,0.33,5,0.30,5,0.32,6,0.32,7,0.35,7,0.10,0.00
D,636,S.Bueno,4.4,4.4,Wolves,37,1.14,30,0.63,28,0.96,29,0.86,31,1.12,30,1.03,34,1.06,35,1.01,35,1.13,34,0.28,0.00
D,637,Toti,4.2,4.2,Wolves,24,0.73,46,0.93,59,1.99,56,1.64,57,2.08,60,1.97,56,1.75,57,1.62,56,1.74,58,0.46,0.00
D,638,Hoever,3.8,3.8,Wolves,3,0.19,5,0.21,5,0.28,6,0.28,7,0.35,6,0.31,9,0.35,8,0.31,8,0.32,9,0.09,0.00
D,639,Meupiyou,4.0,4.0,Wolves,0,0.00,0,0.00,0,0.00,0,0.00,0,0.00,0,0.00,0,0.00,0,0.00,0,0.00,0,0.00,0.00
D,640,Pedro Lima,4.0,4.0,Wolves,0,0.00,0,0.00,0,0.00,0,0.00,0,0.00,0,0.00,0,0.00,0,0.00,0,0.00,0,0.00,0.00
D,641,Pond,3.9,3.9,Wolves,0,0.00,0,0.00,0,0.00,0,0.00,0,0.00,0,0.00,0,0.00,0,0.00,0,0.00,0,0.00,0.00
M,642,Hee Chan,5.6,5.6,Wolves,63,3.14,60,2.36,59,3.23,58,2.80,59,3.09,60,2.83,59,2.89,58,2.75,57,2.59,57,0.71,0.00
M,643,André,5.3,5.3,Wolves,67,2.31,67,2.14,61,2.23,60,2.08,61,2.46,59,2.08,61,2.09,61,2.05,61,2.11,59,0.59,0.00
M,644,Bellegarde,5.2,5.2,Wolves,0,0.00,7,0.28,14,0.75,18,0.86,18,0.96,19,0.88,19,0.89,19,0.92,19,0.89,20,0.26,0.00
M,645,Fer López,5.2,5.2,Wolves,10,0.53,9,0.44,9,0.53,10,0.50,9,0.55,11,0.51,9,0.50,10,0.52,11,0.52,12,0.16,0.00
M,646,Gomes,5.3,5.3,Wolves,67,2.53,64,2.21,65,2.63,63,2.37,62,2.73,62,2.40,60,2.22,58,2.14,58,2.18,59,0.63,0.00
M,647,Guedes,5.5,5.5,Wolves,0,0.00,0,0.00,0,0.00,0,0.00,0,0.00,0,0.00,0,0.00,0,0.00,0,0.00,0,0.00,0.00
M,648,Munetsi,5.3,5.3,Wolves,16,0.70,30,1.10,35,1.65,36,1.53,35,1.58,36,1.50,35,1.44,37,1.49,37,1.50,36,0.39,0.00
M,649,B.Traore,5.0,5.0,Wolves,0,0.00,0,0.00,0,0.00,0,0.00,0,0.00,0,0.00,0,0.00,0,0.00,0,0.00,0,0.00,0.00
M,650,Chirewa,4.3,4.3,Wolves,12,0.59,10,0.47,11,0.56,11,0.53,13,0.72,11,0.51,12,0.57,12,0.57,12,0.56,14,0.18,0.00
M,651,Edozie,4.3,4.3,Wolves,0,0.00,0,0.00,0,0.00,0,0.00,0,0.00,0,0.00,0,0.00,0,0.00,0,0.00,0,0.00,0.00
M,652,Gonzalez,4.3,4.3,Wolves,0,0.00,0,0.00,0,0.00,0,0.00,0,0.00,0,0.00,0,0.00,0,0.00,0,0.00,0,0.00,0.00
M,653,Hodge,4.5,4.5,Wolves,0,0.00,0,0.00,0,0.00,0,0.00,0,0.00,0,0.00,0,0.00,0,0.00,0,0.00,0,0.00,0.00
F,654,Strand Larsen,6.1,6.1,Wolves,28,1.50,30,1.34,32,1.73,31,1.56,30,1.61,31,1.49,34,1.70,34,1.62,34,1.61,35,0.46,0.00
F,655,Fábio Silva,4.9,4.9,Wolves,0,0.00,0,0.00,0,0.00,0,0.00,0,0.00,0,0.00,0,0.00,0,0.00,0,0.00,0,0.00,0.00
F,656,Kalajdžić,4.9,4.9,Wolves,0,0.00,0,0.00,0,0.00,0,0.00,0,0.00,0,0.00,0,0.00,0,0.00,0,0.00,0,0.00,0.00
F,657,Chiwome,4.4,4.4,Wolves,0,0.00,0,0.00,0,0.00,0,0.00,0,0.00,0,0.00,0,0.00,0,0.00,1,0.09,2,0.04,0.00
F,658,Fraser,4.3,4.3,Wolves,1,0.09,2,0.12,2,0.16,2,0.17,2,0.21,3,0.21,3,0.22,3,0.25,2,0.14,2,0.05,0.01
D,659,Walker-Peters,4.2,4.2,West Ham,44,1.38,18,0.75,18,0.44,20,0.81,20,0.65,22,0.78,24,0.59,23,0.76,24,0.62,22,0.61,0.00
M,660,Stach,4.9,4.9,Leeds,81,3.98,77,3.47,77,3.01,75,3.66,74,3.11,73,3.02,75,3.15,72,3.66,72,3.28,73,3.57,0.06
F,661,Ekitiké,8.9,8.8,Liverpool,85,6.05,80,4.36,81,4.38,80,3.94,78,4.18,77,3.94,79,5.35,77,4.51,76,4.33,75,3.92,0.49
D,662,Mosquera,5.3,5.3,Arsenal,0,0.00,0,0.00,5,0.23,15,0.70,20,0.99,19,0.88,20,0.86,19,0.79,20,1.02,24,0.36,0.00
M,663,J.Arias,4.9,4.9,Wolves,58,2.84,53,2.13,51,2.76,51,2.42,51,2.65,50,2.38,50,2.42,48,2.25,49,2.31,50,0.60,0.00
G,664,Lecomte,3.9,3.9,Fulham,1,0.04,3,0.09,3,0.09,4,0.15,4,0.11,4,0.18,4,0.16,4,0.17,4,0.13,5,0.20,0.00
G,665,Perri,4.5,4.5,Leeds,94,3.58,93,3.44,92,2.86,91,3.47,91,2.80,90,2.89,90,2.82,90,3.71,90,3.20,89,3.35,0.00
F,666,Gyökeres,8.7,8.7,Arsenal,49,3.20,47,3.52,43,2.90,44,3.52,40,3.14,39,2.56,35,2.54,36,2.50,36,2.84,34,0.84,0.00
D,667,Aznou,4.2,4.2,Everton,5,0.18,2,0.07,1,0.04,1,0.04,1,0.05,2,0.07,2,0.06,2,0.11,3,0.07,2,0.06,0.00
M,668,Xhaka,5.2,5.2,Sunderland,89,3.59,85,3.32,83,3.74,83,2.66,81,2.95,82,3.31,80,3.06,78,2.93,79,3.10,78,2.61,0.00
M,669,Ndoye,5.5,5.5,Nott'm Forest,32,1.37,38,1.78,38,2.01,39,1.82,38,2.22,37,1.79,38,1.77,36,1.50,38,1.96,38,1.75,0.00
G,670,Roefs,4.9,4.9,Sunderland,94,3.59,93,3.35,91,3.87,92,2.60,91,2.92,92,3.46,92,3.08,91,3.20,91,3.21,90,2.68,0.01
F,671,Wilson,5.8,5.8,West Ham,9,0.55,11,0.70,12,0.65,13,0.78,13,0.79,13,0.87,14,0.73,14,0.79,13,0.74,16,0.86,0.00
D,672,Hato,4.6,4.6,Chelsea,11,0.44,16,0.62,17,0.78,18,0.76,20,0.90,22,1.13,21,0.61,22,0.76,21,0.82,22,0.60,0.00
M,673,J.Palhinha,5.5,5.5,Spurs,67,3.09,57,2.54,55,2.16,56,2.26,56,2.37,57,2.14,54,2.25,55,2.41,54,2.07,54,2.37,0.00
G,674,Ramsdale,4.8,4.8,Newcastle,2,0.10,4,0.13,5,0.17,5,0.21,6,0.23,7,0.21,8,0.35,6,0.23,8,0.25,8,0.34,0.00
G,675,Gunn,4.0,4.0,Nott'm Forest,0,0.00,0,0.00,0,0.00,0,0.00,0,0.00,0,0.00,0,0.00,0,0.00,0,0.00,0,0.00,0.00
M,676,Ugochukwu,5.0,5.0,Burnley,79,2.44,76,2.81,74,2.58,72,2.85,73,2.51,73,2.29,72,2.65,71,2.42,71,2.63,71,2.38,0.00
M,677,Guessand,6.2,6.2,Aston Villa,20,1.31,23,1.27,22,1.40,19,1.17,17,1.15,18,1.23,18,1.18,18,1.15,24,1.38,18,1.37,0.00
D,678,Masuaku,3.9,3.9,Sunderland,8,0.39,4,0.24,5,0.33,6,0.24,8,0.33,7,0.36,8,0.33,9,0.37,7,0.35,8,0.30,0.00
G,679,Hermansen,4.2,4.2,West Ham,2,0.06,3,0.13,4,0.10,4,0.17,3,0.10,4,0.14,5,0.14,6,0.19,6,0.17,6,0.18,0.00
F,680,Broja,5.2,5.2,Burnley,62,2.53,56,2.71,55,2.52,52,2.84,52,2.31,53,2.24,52,2.54,51,2.29,50,2.56,50,2.22,0.00
F,681,Šeško,7.2,7.2,Man Utd,62,3.05,60,2.37,61,3.41,59,3.28,60,3.41,59,2.92,59,3.45,60,2.86,56,3.09,59,3.07,0.00
D,682,Møller Wolfe,4.3,4.3,Wolves,15,0.50,18,0.40,18,0.65,19,0.60,19,0.70,19,0.63,20,0.68,23,0.71,22,0.68,20,0.16,0.00
D,683,Alderete,4.1,4.1,Sunderland,78,3.63,76,3.28,72,3.99,72,2.02,73,2.70,71,3.23,71,2.70,71,2.91,71,2.93,69,2.22,0.11
D,684,Thiaw,5.1,5.1,Newcastle,91,4.48,83,3.56,77,2.71,77,3.62,77,3.37,74,2.22,74,3.84,73,3.15,73,2.62,72,3.67,0.19
D,685,Diakité,4.3,4.3,Bournemouth,7,0.18,16,0.47,21,0.84,19,0.65,24,0.91,25,0.95,24,1.09,25,0.97,26,1.12,27,0.95,0.00
M,686,Ngumoha,4.3,4.3,Liverpool,5,0.43,2,0.19,3,0.28,4,0.27,4,0.30,4,0.31,5,0.39,5,0.37,5,0.38,5,0.35,0.00
M,687,Rees-Dottin,4.4,4.4,Bournemouth,4,0.25,4,0.28,4,0.26,2,0.18,3,0.20,2,0.18,2,0.19,1,0.11,0,0.00,1,0.09,0.00
G,688,Wright,3.9,3.9,Aston Villa,0,0.00,0,0.00,0,0.00,0,0.00,0,0.00,0,0.00,0,0.00,0,0.00,0,0.00,0,0.00,0.00
M,689,Seung soo,4.3,4.3,Newcastle,1,0.09,0,0.00,0,0.00,0,0.00,0,0.00,0,0.00,1,0.09,0,0.00,0,0.00,0,0.00,0.00
M,690,Cardines,4.4,4.4,Crystal Palace,0,0.00,0,0.00,0,0.00,0,0.00,0,0.00,0,0.00,0,0.00,0,0.00,1,0.05,1,0.00,0.00
F,691,Calvert-Lewin,6.0,6.0,Leeds,81,4.07,76,3.50,73,2.94,71,3.71,70,3.10,69,3.09,69,3.12,66,3.63,68,3.24,67,3.51,0.05
D,692,Leoni,4.9,4.9,Liverpool,0,0.00,0,0.00,0,0.00,0,0.00,0,0.00,0,0.00,0,0.00,0,0.00,0,0.00,0,0.00,0.00
M,693,Hutchinson,5.4,5.4,Nott'm Forest,63,2.42,61,2.71,60,3.00,59,2.63,58,3.18,56,2.55,59,2.56,58,2.20,57,2.79,56,2.49,0.00
D,694,Mukiele,4.4,4.4,Sunderland,88,4.08,85,3.66,82,4.58,81,2.25,80,2.97,80,3.65,80,3.02,78,3.27,79,3.25,78,2.50,0.14
D,695,Tchatchoua,4.4,4.4,Wolves,79,2.08,77,1.10,74,2.40,72,1.89,69,2.10,70,2.00,67,1.93,69,1.78,69,1.80,67,0.42,0.00
F,696,Kalimuendo,6.0,6.0,Nott'm Forest,0,0.00,0,0.00,0,0.00,0,0.00,0,0.00,0,0.00,0,0.00,0,0.00,0,0.00,0,0.00,0.00
M,697,Adli,5.4,5.4,Bournemouth,53,2.69,54,2.75,51,2.90,47,2.52,47,2.43,48,2.71,46,2.82,43,2.50,42,2.52,41,2.35,0.00
M,698,Okafor,5.5,5.5,Leeds,33,1.89,35,1.83,35,1.60,33,1.91,33,1.65,34,1.70,35,1.75,34,2.07,34,1.76,34,1.96,0.00
M,699,Douglas Luiz,4.9,4.9,Nott'm Forest,10,0.47,9,0.48,9,0.50,9,0.48,11,0.58,11,0.50,12,0.53,12,0.49,12,0.56,11,0.51,0.00
M,700,Dowman,4.3,4.3,Arsenal,0,0.00,0,0.00,0,0.00,0,0.00,2,0.21,7,0.46,8,0.54,9,0.56,9,0.65,10,0.22,0.00
D,701,Rowe,4.0,4.0,Aston Villa,0,0.00,0,0.00,0,0.00,0,0.00,0,0.00,0,0.00,0,0.00,0,0.00,0,0.00,0,0.00,0.00
M,702,Burrowes,4.4,4.4,Aston Villa,0,0.00,0,0.00,0,0.00,0,0.00,0,0.00,0,0.00,0,0.00,0,0.00,0,0.00,0,0.00,0.00
G,703,Proctor,3.9,3.9,Aston Villa,0,0.00,0,0.00,0,0.00,0,0.00,0,0.00,0,0.00,0,0.00,0,0.00,0,0.00,0,0.00,0.00
M,704,Onyango,4.5,4.5,Everton,0,0.00,0,0.00,0,0.00,0,0.00,0,0.00,0,0.00,0,0.00,0,0.00,0,0.00,0,0.00,0.00
D,705,Campbell,3.9,3.9,Everton,2,0.05,1,0.04,0,0.00,0,0.00,0,0.00,0,0.00,0,0.00,0,0.00,0,0.00,0,0.00,0.00
D,706,Justin,3.9,3.9,Leeds,60,2.66,23,0.92,30,0.92,30,1.31,31,0.97,32,1.08,34,1.09,32,1.60,32,1.24,32,1.39,0.00
M,707,Dibling,5.3,5.3,Everton,36,1.55,7,0.44,5,0.34,6,0.38,7,0.50,9,0.53,9,0.46,10,0.60,9,0.42,9,0.35,0.00
M,708,M.Fernandes,5.5,5.5,West Ham,78,3.20,75,3.54,75,2.88,73,3.40,72,3.20,71,3.30,71,2.70,71,2.99,71,2.75,72,2.80,0.00
D,709,Krejčí,4.5,4.5,Wolves,89,2.75,84,1.72,82,3.01,80,2.51,79,3.01,78,2.70,77,2.52,77,2.35,75,2.45,75,0.59,0.00
D,710,Patterson,3.9,3.9,Aston Villa,0,0.00,0,0.00,0,0.00,0,0.00,0,0.00,0,0.00,0,0.00,0,0.00,0,0.00,0,0.00,0.00
M,711,Harriman-Annous,4.5,4.5,Arsenal,0,0.00,0,0.00,0,0.00,0,0.00,0,0.00,0,0.00,0,0.00,0,0.00,0,0.00,0,0.00,0.00
M,712,Yeremy,5.8,5.8,Crystal Palace,81,3.89,56,2.77,55,2.65,52,2.53,52,3.25,52,3.12,51,2.33,51,2.39,51,2.73,51,0.10,0.00
D,713,A.Jimenez,4.5,4.5,Bournemouth,71,2.06,69,2.12,69,2.83,70,2.38,67,2.50,66,2.45,66,3.02,67,2.61,66,2.94,67,2.28,0.00
F,714,Woltemade,7.3,7.3,Newcastle,70,3.92,69,3.63,67,3.01,65,3.58,64,3.14,62,2.64,64,3.57,63,3.50,63,2.90,62,3.49,0.00
G,715,John,4.0,4.0,Nott'm Forest,9,0.27,22,0.75,20,0.76,22,0.78,24,0.97,24,0.77,24,0.76,27,0.75,25,0.92,28,0.94,0.00
D,716,Savona,4.5,4.5,Nott'm Forest,13,0.39,16,0.53,14,0.57,16,0.57,20,0.94,20,0.68,22,0.71,21,0.52,21,0.87,22,0.77,0.00
M,717,Xavi,6.5,6.5,Spurs,79,5.09,73,4.11,68,3.13,67,3.07,66,3.42,63,2.56,59,2.89,59,3.29,58,2.52,58,3.22,0.00
M,718,S.Magassa,5.0,5.0,West Ham,55,2.05,51,2.09,56,2.00,56,2.21,54,2.06,55,2.14,54,1.87,54,2.00,53,1.84,52,1.80,0.00
D,719,Lindelöf,4.5,4.5,Aston Villa,27,1.16,15,0.44,17,0.63,18,0.59,20,0.72,21,0.82,20,0.78,22,0.72,24,0.73,22,0.94,0.00
F,720,Tolu,5.4,5.4,Wolves,76,3.37,73,2.61,70,3.36,71,3.08,70,3.29,69,2.92,67,2.93,69,2.91,68,2.81,67,0.75,0.00
D,721,Milosavljević,4.4,4.4,Bournemouth,53,1.75,52,1.76,50,2.14,52,1.87,51,2.05,50,1.98,51,2.35,49,1.94,50,2.30,49,1.79,0.00
M,722,Florentino,5.0,5.0,Burnley,83,2.81,83,3.14,79,2.93,81,3.15,80,2.93,79,2.73,80,3.01,79,2.88,77,2.93,77,2.78,0.00
D,723,Canvot,4.5,4.5,Crystal Palace,13,0.52,5,0.19,3,0.13,2,0.09,3,0.15,3,0.15,3,0.12,2,0.10,3,0.14,3,0.01,0.00
D,724,Geertruida,4.5,4.5,Sunderland,52,2.09,39,1.49,41,2.05,41,0.92,43,1.39,44,1.77,44,1.42,46,1.61,44,1.60,46,1.23,0.00
D,725,Hincapie,5.3,5.3,Arsenal,12,0.62,22,1.11,28,1.45,27,1.56,28,1.66,29,1.50,31,1.59,33,1.59,34,1.95,34,0.60,0.01
F,726,Kolo Muani,6.9,6.9,Spurs,74,4.36,68,3.57,61,2.72,56,2.56,55,2.64,51,2.06,49,2.27,47,2.53,49,2.18,46,2.41,0.00
M,727,Chukwueze,5.3,5.3,Fulham,0,0.00,33,1.82,33,1.61,34,1.88,33,1.47,33,1.73,32,1.75,32,1.99,33,1.60,34,2.09,0.00
M,728,Röhl,5.0,5.0,Everton,34,1.45,7,0.42,4,0.29,5,0.34,6,0.41,6,0.38,7,0.38,7,0.48,8,0.40,7,0.29,0.00
D,729,Cuiabano,4.5,4.5,Nott'm Forest,0,0.00,0,0.00,0,0.00,0,0.00,0,0.00,0,0.00,0,0.00,0,0.00,0,0.00,0,0.00,0.00
F,730,Brobbey,5.5,5.5,Sunderland,68,3.42,67,3.33,65,3.65,63,2.19,62,2.84,59,2.96,61,2.82,61,2.66,58,2.94,59,2.43,0.00
M,731,Kevin,5.8,5.8,Fulham,55,2.50,28,1.49,29,1.39,29,1.55,31,1.33,29,1.46,29,1.53,28,1.63,29,1.44,29,1.70,0.00
F,732,Uche,5.5,5.5,Crystal Palace,26,1.26,8,0.47,8,0.47,8,0.47,11,0.64,10,0.62,9,0.48,8,0.44,8,0.50,8,0.02,0.00
G,733,Lammens,5.0,5.0,Man Utd,93,2.91,92,2.65,92,3.50,90,3.45,89,3.22,89,3.30,88,3.44,88,2.77,88,3.13,88,2.99,0.00
M,734,Bakwa,5.9,5.9,Nott'm Forest,22,1.02,22,1.12,23,1.28,23,1.19,25,1.53,25,1.28,25,1.28,25,1.13,23,1.27,24,1.17,0.00
M,735,Traoré,5.5,5.5,Sunderland,39,1.92,36,1.85,36,2.11,36,1.37,34,1.63,35,1.77,35,1.65,33,1.56,34,1.72,34,1.43,0.00
G,736,Donnarumma,5.7,5.7,Man City,93,3.33,93,4.12,93,3.54,93,3.11,93,3.89,92,3.50,91,3.56,91,3.81,92,3.62,92,0.20,0.01
F,737,Kusi-Asare,4.5,4.5,Fulham,4,0.29,3,0.27,4,0.27,4,0.30,4,0.26,3,0.23,1,0.13,1,0.12,0,0.00,1,0.10,0.00
G,738,Fabianski,4.5,4.5,West Ham,0,0.00,0,0.00,0,0.00,0,0.00,0,0.00,0,0.00,0,0.00,0,0.00,1,0.04,0,0.00,0.00
M,739,Mukasa,4.4,4.4,Man City,4,0.27,2,0.16,2,0.12,2,0.12,2,0.14,1,0.09,1,0.09,1,0.11,2,0.13,1,0.01,0.00
D,740,Mfuni,3.9,3.9,Man City,4,0.14,5,0.21,2,0.08,2,0.07,2,0.07,0,0.00,1,0.04,1,0.05,0,0.00,0,0.00,0.00
F,741,Gray,4.5,4.5,Leeds,0,0.00,0,0.00,0,0.00,0,0.00,0,0.00,0,0.00,0,0.00,0,0.00,0,0.00,0,0.00,0.00
M,742,McAidoo,4.5,4.5,Man City,0,0.00,0,0.00,0,0.00,0,0.00,0,0.00,0,0.00,0,0.00,0,0.00,0,0.00,0,0.00,0.00
M,743,Emenalo,4.5,4.5,Chelsea,0,0.00,0,0.00,0,0.00,0,0.00,0,0.00,0,0.00,0,0.00,0,0.00,0,0.00,0,0.00,0.00
M,744,Oriola,4.5,4.5,Brighton,0,0.00,0,0.00,0,0.00,0,0.00,0,0.00,0,0.00,0,0.00,0,0.00,0,0.00,0,0.00,0.00
D,745,Byfield,4.0,4.0,Spurs,0,0.00,0,0.00,0,0.00,0,0.00,0,0.00,0,0.00,0,0.00,0,0.00,0,0.00,0,0.00,0.00
M,746,Morrison,4.5,4.5,Liverpool,0,0.00,0,0.00,0,0.00,0,0.00,0,0.00,0,0.00,0,0.00,0,0.00,0,0.00,0,0.00,0.00
D,747,Mayers,4.0,4.0,West Ham,2,0.07,3,0.12,3,0.08,2,0.07,2,0.07,3,0.08,3,0.07,2,0.07,4,0.09,3,0.08,0.00
M,748,Dasilva,4.9,4.9,Brentford,0,0.00,0,0.00,0,0.00,1,0.11,2,0.17,2,0.17,2,0.20,2,0.18,2,0.20,3,0.20,0.00
F,749,Mané,4.5,4.5,Wolves,79,2.77,73,2.25,67,2.60,67,2.40,66,2.57,66,2.27,64,2.28,64,2.21,64,2.20,64,0.61,0.02
D,750,Rowswell,4.0,4.0,Spurs,0,0.00,0,0.00,0,0.00,0,0.00,0,0.00,0,0.00,0,0.00,0,0.00,0,0.00,0,0.00,0.00
M,751,Akhamrich,4.5,4.5,Spurs,2,0.14,0,0.00,0,0.00,0,0.00,0,0.00,0,0.00,0,0.00,0,0.00,0,0.00,0,0.00,0.00
D,752,Golambeckis,4.0,4.0,West Ham,0,0.00,0,0.00,0,0.00,0,0.00,0,0.00,0,0.00,0,0.00,0,0.00,0,0.00,0,0.00,0.00
G,753,Ruddy,4.0,4.0,Newcastle,0,0.00,0,0.00,0,0.00,0,0.00,0,0.00,0,0.00,0,0.00,0,0.00,0,0.00,0,0.00,0.00
M,754,George Hemmings,4.5,4.5,Aston Villa,0,0.00,0,0.00,0,0.00,0,0.00,0,0.00,0,0.00,0,0.00,0,0.00,0,0.00,0,0.00,0.00
M,755,Lacey,4.5,4.5,Man Utd,0,0.00,0,0.00,0,0.00,0,0.00,0,0.00,0,0.00,0,0.00,0,0.00,0,0.00,0,0.00,0.00
M,756,DaCosta,4.5,4.5,Bournemouth,2,0.13,2,0.14,0,0.00,0,0.00,1,0.08,0,0.00,0,0.00,0,0.00,0,0.00,0,0.00,0.00
G,757,Hollingshead,4.0,4.0,Aston Villa,0,0.00,0,0.00,0,0.00,0,0.00,0,0.00,0,0.00,0,0.00,0,0.00,0,0.00,0,0.00,0.00
M,758,Mohamadou Kanté,4.5,4.5,West Ham,0,0.00,0,0.00,0,0.00,0,0.00,0,0.00,0,0.00,0,0.00,0,0.00,0,0.00,0,0.00,0.00
D,759,Salmon,4.0,4.0,Arsenal,0,0.00,0,0.00,0,0.00,0,0.00,0,0.00,0,0.00,0,0.00,0,0.00,0,0.00,0,0.00,0.00
D,760,Lucky,4.0,4.0,Liverpool,0,0.00,0,0.00,0,0.00,0,0.00,2,0.06,1,0.05,1,0.04,1,0.05,2,0.07,2,0.06,0.00
D,761,Simmonds,4.0,4.0,Brighton,0,0.00,0,0.00,0,0.00,0,0.00,0,0.00,0,0.00,0,0.00,0,0.00,0,0.00,0,0.00,0.00
M,762,Drakes-Thomas,4.5,4.5,Crystal Palace,0,0.00,0,0.00,0,0.00,0,0.00,0,0.00,0,0.00,0,0.00,0,0.00,0,0.00,0,0.00,0.00
M,763,Gray,4.5,4.5,Man City,0,0.00,0,0.00,0,0.00,0,0.00,0,0.00,0,0.00,0,0.00,0,0.00,0,0.00,0,0.00,0.00
M,764,Heskey,4.5,4.5,Man City,0,0.00,0,0.00,0,0.00,0,0.00,0,0.00,0,0.00,0,0.00,0,0.00,0,0.00,0,0.00,0.00
D,765,Shahar,4.0,4.0,Newcastle,0,0.00,0,0.00,0,0.00,0,0.00,0,0.00,0,0.00,0,0.00,0,0.00,0,0.00,0,0.00,0.00
D,766,Olagunju,4.0,4.0,Wolves,0,0.00,0,0.00,0,0.00,0,0.00,0,0.00,0,0.00,0,0.00,0,0.00,0,0.00,0,0.00,0.00
M,767,Rawlings,4.5,4.5,Wolves,0,0.00,0,0.00,0,0.00,0,0.00,0,0.00,0,0.00,0,0.00,0,0.00,0,0.00,0,0.00,0.00
D,768,Leon Routh,4.0,4.0,Aston Villa,0,0.00,0,0.00,0,0.00,0,0.00,0,0.00,0,0.00,0,0.00,0,0.00,0,0.00,0,0.00,0.00
M,769,Bendito Mantato,4.5,4.5,Man Utd,0,0.00,0,0.00,0,0.00,0,0.00,0,0.00,0,0.00,0,0.00,0,0.00,0,0.00,0,0.00,0.00
M,770,Ridgeon,4.5,4.5,Fulham,0,0.00,0,0.00,0,0.00,0,0.00,0,0.00,0,0.00,0,0.00,0,0.00,0,0.00,0,0.00,0.00
M,771,Fletcher,4.5,4.5,Man Utd,0,0.00,0,0.00,0,0.00,0,0.00,0,0.00,0,0.00,0,0.00,0,0.00,0,0.00,0,0.00,0.00
M,772,Alabi,4.5,4.5,Newcastle,0,0.00,1,0.09,0,0.00,0,0.00,0,0.00,0,0.00,0,0.00,0,0.00,0,0.00,0,0.00,0.00
D,773,Benamar,4.0,4.0,Crystal Palace,0,0.00,0,0.00,0,0.00,0,0.00,0,0.00,0,0.00,0,0.00,0,0.00,0,0.00,0,0.00,0.00
D,774,Jenson Jones,4.0,4.0,Sunderland,0,0.00,0,0.00,0,0.00,0,0.00,0,0.00,0,0.00,0,0.00,0,0.00,0,0.00,0,0.00,0.00
M,775,Tutierov,4.5,4.5,Sunderland,0,0.00,0,0.00,0,0.00,0,0.00,0,0.00,0,0.00,0,0.00,0,0.00,0,0.00,0,0.00,0.00
M,776,Pimlott,4.5,4.5,Burnley,0,0.00,0,0.00,0,0.00,0,0.00,0,0.00,0,0.00,0,0.00,0,0.00,0,0.00,0,0.00,0.00
M,777,Ojinnaka,4.5,4.5,Wolves,0,0.00,0,0.00,0,0.00,0,0.00,0,0.00,0,0.00,0,0.00,0,0.00,0,0.00,0,0.00,0.00
M,778,Sutherland,4.5,4.5,Wolves,0,0.00,0,0.00,0,0.00,0,0.00,0,0.00,0,0.00,0,0.00,0,0.00,0,0.00,0,0.00,0.00
F,779,Graham,4.5,4.5,Everton,0,0.00,0,0.00,0,0.00,0,0.00,0,0.00,0,0.00,0,0.00,0,0.00,0,0.00,0,0.00,0.00
F,780,Casey,4.5,4.5,Crystal Palace,0,0.00,0,0.00,0,0.00,0,0.00,0,0.00,0,0.00,0,0.00,0,0.00,0,0.00,0,0.00,0.00
D,781,Carroll,4.0,4.0,Aston Villa,0,0.00,0,0.00,0,0.00,0,0.00,0,0.00,0,0.00,0,0.00,0,0.00,0,0.00,0,0.00,0.00
G,782,Forster,4.0,4.0,Bournemouth,1,0.03,2,0.07,3,0.10,4,0.15,4,0.15,4,0.15,5,0.19,4,0.16,5,0.18,5,0.16,0.00
M,783,Groß,5.5,5.5,Brighton,50,2.60,48,2.18,47,2.38,44,2.24,44,1.90,45,2.06,46,2.31,46,1.83,44,2.15,43,1.97,0.00
M,784,Brierley,4.5,4.5,Burnley,0,0.00,0,0.00,0,0.00,0,0.00,0,0.00,0,0.00,0,0.00,0,0.00,0,0.00,0,0.00,0.00
F,785,Pablo,5.5,5.5,West Ham,26,1.23,29,1.47,31,1.32,35,1.68,33,1.53,35,1.72,36,1.44,34,1.45,36,1.53,37,1.51,0.00
G,786,McNally,4.0,4.0,Fulham,0,0.00,0,0.00,0,0.00,0,0.00,0,0.00,0,0.00,0,0.00,0,0.00,0,0.00,0,0.00,0.00
M,787,Chambers,4.5,4.5,Leeds,0,0.00,0,0.00,0,0.00,0,0.00,0,0.00,0,0.00,0,0.00,0,0.00,0,0.00,0,0.00,0.00
D,788,Kukonki,4.0,4.0,Man Utd,0,0.00,0,0.00,0,0.00,0,0.00,0,0.00,0,0.00,0,0.00,0,0.00,0,0.00,0,0.00,0.00
G,789,Merrick,4.0,4.0,Chelsea,0,0.00,0,0.00,0,0.00,0,0.00,0,0.00,0,0.00,0,0.00,0,0.00,0,0.00,0,0.00,0.00
M,790,Williams-Barnett,4.5,4.5,Spurs,0,0.00,0,0.00,0,0.00,0,0.00,0,0.00,0,0.00,0,0.00,0,0.00,0,0.00,0,0.00,0.00
F,791,Taty,5.5,5.5,West Ham,74,3.01,69,3.40,68,2.66,66,3.13,67,3.11,65,3.18,66,2.55,65,2.67,63,2.61,62,2.47,0.00
M,792,Alysson,5.0,5.0,Aston Villa,3,0.28,5,0.35,9,0.55,7,0.45,5,0.37,4,0.31,4,0.34,4,0.32,7,0.44,5,0.38,0.00
D,793,King,4.0,4.0,Crystal Palace,0,0.00,0,0.00,0,0.00,0,0.00,0,0.00,0,0.00,0,0.00,0,0.00,0,0.00,0,0.00,0.00
D,794,Alleyne,4.5,4.5,Man City,0,0.00,0,0.00,0,0.00,0,0.00,0,0.00,0,0.00,0,0.00,0,0.00,0,0.00,0,0.00,0.00
M,795,Howell,4.5,4.5,Brighton,0,0.00,0,0.00,0,0.00,0,0.00,0,0.00,0,0.00,0,0.00,0,0.00,0,0.00,0,0.00,0.00
D,10003,Axel Disasi,99.9,99.9,Chelsea,0,0.00,0,0.00,0,0.00,0,0.00,0,0.00,0,0.00,0,0.00,0,0.00,0,0.00,0,0.00,0.00
F,10011,Raheem Sterling,99.9,99.9,Chelsea,0,0.00,0,0.00,0,0.00,0,0.00,0,0.00,0,0.00,0,0.00,0,0.00,0,0.00,0,0.00,0.00
M,10028,Hindolo Mustapha,99.9,99.9,Crystal Palace,0,0.00,0,0.00,0,0.00,0,0.00,0,0.00,0,0.00,0,0.00,0,0.00,0,0.00,0,0.00,0.00